ID,Gender,Status,Children,EstIncome,HomeOwner,Age
0,F,S,1,38000.0,N,24
1,M,M,2,29616.0,N,49
2,M,M,0,19732.8,N,51
3,M,S,2,96.33,N,56
4,F,M,2,52004.8,N,25
5,M,M,2,53010.8,N,19
6,M,M,1,75004.5,N,65
7,M,M,0,19749.3,N,60
8,M,S,1,57626.9,Y,44
9,M,M,2,20078.0,N,33
10,F,M,2,47902.0,N,26
11,M,M,1,7545.96,Y,17
12,F,S,0,78851.3,N,48
13,F,S,1,17540.7,Y,63
14,F,M,0,83891.9,Y,61
15,F,M,2,28220.8,N,39
16,F,S,0,28589.1,N,16
17,F,M,2,5237.63,N,49
18,M,S,2,89459.9,N,53
19,F,S,1,13576.5,N,39
20,F,M,2,67388.0,N,53
21,F,M,1,57063.0,Y,52
22,F,M,2,84166.1,N,54
23,F,S,1,7737.94,N,43
24,M,S,2,100020.0,N,50
25,F,M,2,45287.6,Y,29
26,F,M,2,59613.1,N,34
27,F,S,1,16326.7,N,51
28,F,S,2,9559.78,N,51
29,F,M,2,42031.8,N,51
30,F,M,2,83284.1,Y,28
31,M,M,1,39229.1,N,26
32,F,S,0,68427.4,N,42
33,M,S,0,3601.71,N,49
34,F,M,0,72642.6,N,28
35,F,S,0,98716.3,N,56
36,F,S,2,66182.7,Y,62
37,F,M,2,84789.3,N,50
38,F,M,2,35976.5,Y,49
39,F,M,0,32703.1,Y,65
40,F,M,1,77129.1,Y,62
41,F,M,2,8204.72,N,53
42,M,M,1,97180.4,N,51
43,F,M,0,80405.1,N,60
44,F,S,2,38280.0,N,34
45,M,S,0,64136.6,Y,61
46,F,M,2,45429.7,Y,62
47,F,S,0,25285.5,N,54
48,F,M,2,77551.1,Y,34
49,F,M,0,38538.4,N,12
50,F,S,0,69350.5,Y,57
51,M,S,2,43634.5,N,22
52,F,S,1,13109.1,N,63
53,M,S,1,92647.5,N,56
54,F,S,2,21021.6,Y,63
55,M,S,0,74460.7,Y,55
56,F,S,2,28787.4,N,42
57,M,M,1,13091.6,N,59
58,F,M,2,62061.8,Y,46
59,F,M,1,20550.9,Y,22
60,M,M,2,1765.41,N,19
61,F,S,2,19131.1,N,56
62,F,S,2,83073.7,N,40
63,M,M,2,42750.3,Y,50
64,F,S,2,2842.55,N,46
65,M,M,2,22358.1,N,53
66,M,M,0,47870.8,Y,27
67,F,S,2,6440.46,Y,53
68,F,S,0,7325.5,N,37
69,M,M,2,28766.9,N,47
70,M,M,2,91272.2,Y,25
71,M,S,0,65000.0,Y,46
72,M,M,2,1406.05,Y,19
73,F,S,0,73228.3,N,62
74,F,S,2,76231.9,N,64
75,M,M,1,64792.3,N,52
76,F,S,0,93322.1,Y,40
77,M,M,1,63437.3,N,64
78,M,M,2,49910.7,Y,52
79,M,M,0,76161.4,Y,45
80,F,M,2,55860.0,Y,15
81,F,S,1,12686.0,N,65
82,M,M,2,57360.8,Y,53
83,M,M,0,92414.7,Y,46
84,M,M,1,60102.7,N,42
85,F,M,2,17888.7,N,55
86,F,S,1,12526.3,N,54
87,F,S,2,14578.8,Y,61
88,M,M,0,78572.2,Y,42
89,F,M,2,48238.8,N,35
90,F,M,0,28770.9,N,12
91,F,M,2,87578.2,Y,53
92,F,M,2,86695.4,N,14
93,F,S,2,76791.2,N,61
94,F,D,0,30763.8,Y,14
95,F,M,2,3193.6,N,54
96,M,M,1,69680.9,N,16
97,F,M,0,83287.0,N,45
98,M,S,0,2056.06,Y,19
99,F,M,2,7776.6,N,36
100,M,M,1,2067.82,N,48
101,M,S,0,66666.0,N,52
102,F,M,2,69343.3,N,42
103,F,M,0,77000.0,N,55
104,F,M,0,14932.5,N,52
105,F,S,0,27498.1,N,42
106,F,M,2,21419.9,N,60
107,F,M,2,30665.2,Y,23
108,F,M,1,66000.0,Y,63
109,F,M,2,50561.3,N,52
110,F,S,2,23464.0,Y,70
111,F,M,2,194.57,N,42
112,F,M,1,98680.4,Y,55
113,M,M,1,65619.7,Y,46
114,F,M,1,95620.3,Y,52
115,F,S,0,85275.0,N,47
116,F,M,1,66921.4,Y,43
117,F,M,1,98453.6,Y,46
118,F,M,2,94026.8,Y,28
119,F,S,2,57420.0,Y,61
120,M,M,0,77000.0,N,44
121,M,M,2,47639.1,N,48
122,F,M,2,63234.5,Y,52
123,F,M,2,18296.4,Y,43
124,F,S,0,39461.0,N,22
125,F,S,1,68000.0,N,60
126,F,M,2,52957.0,Y,40
127,F,S,2,86747.1,N,65
128,F,M,1,87404.6,N,63
129,M,S,2,20919.0,N,28
130,F,M,2,85394.0,Y,20
131,F,S,0,2121.36,N,40
132,F,M,2,63566.1,Y,56
133,F,S,0,89813.6,N,13
134,F,M,2,82644.2,Y,33
135,F,S,1,27783.6,N,14
136,F,M,2,60485.5,N,42
137,F,M,2,809.43,Y,32
138,M,S,1,76529.8,N,58
139,F,M,2,34577.7,N,63
140,F,M,0,80000.0,N,48
141,F,S,2,19008.4,Y,52
142,F,M,0,98056.3,N,56
143,M,M,0,73400.0,Y,64
144,M,M,0,78894.2,N,28
145,M,S,1,16432.1,Y,21
146,M,M,0,62797.9,N,54
147,M,S,1,71329.9,Y,42
148,F,S,0,20913.6,N,53
149,F,S,1,540.4,Y,39
150,M,M,2,67339.8,N,17
151,M,M,1,75799.9,N,46
152,F,S,2,15688.5,N,53
153,F,S,0,43382.3,N,16
154,F,S,0,5185.31,N,62
155,F,S,0,41000.0,N,16
156,F,S,0,32098.0,N,22
157,F,M,2,80087.7,N,42
158,F,M,2,59691.3,N,38
159,F,S,2,11251.1,Y,61
160,M,M,0,70908.7,N,50
161,M,S,0,94928.3,N,40
162,F,M,2,50622.3,N,40
163,M,M,0,78000.0,Y,52
164,M,M,0,100020.0,Y,52
165,F,M,1,56722.8,N,61
166,M,M,1,80000.0,N,53
167,F,S,2,3416.62,Y,23
168,F,M,0,73400.0,Y,56
169,M,M,0,120000.0,Y,53
170,F,M,2,8032.16,N,46
171,F,S,1,93454.3,Y,49
172,M,M,0,5745.0,Y,15
173,F,S,0,83287.0,N,77
174,F,S,0,92564.1,Y,49
175,M,S,0,86448.2,Y,38
176,F,M,2,48322.5,Y,49
177,F,M,2,81913.8,Y,50
178,F,S,0,919.93,N,38
179,F,M,2,69486.8,N,31
180,F,M,2,24482.8,N,34
181,F,M,0,14573.6,N,65
182,F,M,2,92103.8,N,52
183,F,S,2,8392.14,Y,37
184,F,S,0,17138.2,N,64
185,F,M,2,47010.1,N,57
186,F,S,1,67239.4,N,44
187,M,M,1,69406.7,Y,30
188,F,M,2,83259.3,N,51
189,M,S,2,60095.2,Y,23
190,F,M,2,2185.6,N,53
191,M,M,1,76511.3,N,62
192,F,M,1,6946.07,N,23
193,F,M,2,11234.7,Y,49
194,F,M,2,36660.9,Y,40
195,F,M,2,68462.8,N,34
196,F,M,2,72841.3,N,47
197,F,M,2,63670.8,Y,46
198,M,S,0,83287.0,N,45
199,F,S,1,66000.0,Y,45
200,M,M,0,12387.6,N,56
201,F,M,1,82931.3,N,65
202,F,M,2,57483.9,N,44
203,F,S,2,21274.0,N,46
204,F,M,2,28267.0,N,30
205,F,M,2,36725.1,N,56
206,M,S,1,94188.3,N,58
207,F,M,2,91861.0,Y,42
208,F,S,1,12374.9,Y,33
209,F,M,2,69133.9,Y,27
210,F,M,2,84948.0,Y,29
211,F,M,2,30998.8,N,41
212,M,S,0,15924.2,N,14
213,M,M,2,21416.5,N,36
214,M,M,2,78554.2,N,17
215,M,S,1,3960.5,N,15
216,M,M,0,60101.1,Y,64
217,F,M,2,38215.9,N,31
218,F,M,1,13829.4,N,22
219,F,M,2,49745.3,N,48
220,F,M,2,88427.0,N,14
221,F,M,2,98003.7,Y,26
222,M,S,0,89142.7,N,33
223,F,S,0,74530.8,N,63
224,F,S,0,35000.0,N,23
225,F,M,2,76289.2,N,48
226,M,M,1,66931.9,N,64
227,F,D,1,9309.57,Y,24
228,F,M,1,14085.5,N,23
229,F,S,0,32962.6,N,19
230,F,S,0,40000.0,N,20
231,F,S,2,33330.0,N,21
232,F,S,1,32098.0,N,22
233,F,S,2,30090.0,N,24
234,F,S,1,40120.0,N,24
235,F,M,2,90271.6,N,45
236,F,M,2,64816.6,Y,31
237,F,M,2,98217.1,N,45
238,F,S,1,2929.13,N,54
239,F,M,2,41876.6,Y,44
240,M,M,0,96223.4,Y,65
241,F,S,0,15989.3,N,62
242,M,M,0,69168.4,Y,62
243,M,M,1,92148.5,Y,33
244,M,M,0,96681.0,Y,20
245,M,S,0,62705.9,Y,32
246,M,S,0,80221.2,N,29
247,M,S,0,84479.2,N,30
248,F,M,2,64977.4,N,38
249,F,M,0,77994.0,N,51
250,M,M,2,90103.7,N,35
251,F,M,0,59008.4,Y,30
252,M,M,2,5265.35,N,53
253,M,S,1,84978.1,N,22
254,F,M,2,36647.9,N,50
255,F,S,0,64319.2,N,41
256,F,S,1,73338.0,N,48
257,F,S,0,433.74,N,61
258,F,M,2,16962.2,N,45
259,M,M,2,10708.3,N,26
260,F,M,0,2031.61,N,20
261,F,S,2,16938.5,N,55
262,F,M,0,55221.0,N,42
263,F,M,1,8073.11,N,43
264,M,M,1,95448.6,Y,54
265,M,S,1,24141.5,Y,17
266,M,S,2,63152.6,Y,63
267,M,S,2,72084.7,N,56
268,F,S,0,42760.5,N,46
269,F,S,1,49072.0,N,47
270,F,M,0,27371.8,Y,48
271,M,M,1,71472.9,N,42
272,F,M,0,95405.7,N,42
273,F,S,0,95786.8,Y,43
274,M,S,0,90321.6,N,30
275,M,S,0,90478.6,N,55
276,F,M,2,56187.0,N,42
277,F,S,1,37000.0,N,24
278,M,M,2,29616.0,N,49
279,M,M,0,19732.8,N,51
280,M,S,2,96.33,N,56
281,F,M,2,52004.8,N,25
282,M,M,2,53010.8,N,19
283,M,M,0,75004.5,N,65
284,M,M,0,19749.3,N,60
285,M,S,1,57626.9,Y,44
286,M,M,2,20078.0,N,33
287,F,M,2,47902.0,N,26
288,M,M,1,7545.96,Y,17
289,F,S,0,78851.3,N,48
290,F,S,1,17540.7,Y,63
291,F,M,0,83891.9,Y,61
292,F,M,2,28220.8,N,39
293,F,S,0,28589.1,N,16
294,F,M,2,5237.63,N,49
295,M,S,2,89459.9,N,53
296,F,S,1,13576.5,N,39
297,F,S,0,81710.9,N,59
298,F,M,2,67388.0,N,53
299,F,M,1,57063.0,Y,52
300,F,M,2,84166.1,N,54
301,F,S,1,7737.94,N,43
302,M,S,2,100020.0,N,48
303,F,M,2,45287.6,Y,29
304,F,M,2,59613.1,N,34
305,F,S,1,16326.7,N,51
306,F,S,2,9559.78,N,51
307,F,M,2,42031.8,N,51
308,F,M,2,83284.1,Y,28
309,M,M,1,39229.1,N,26
310,F,D,1,68427.4,N,42
311,M,S,0,3601.71,N,49
312,F,S,0,98716.3,N,56
313,F,S,2,66182.7,Y,62
314,F,S,2,84789.3,N,50
315,F,M,2,35976.5,Y,49
316,F,M,0,32703.1,Y,65
317,F,M,2,8204.72,N,53
318,M,M,1,97180.4,N,51
319,F,S,2,38280.0,N,34
320,M,S,0,64136.6,Y,61
321,F,M,2,45429.7,Y,62
322,F,S,0,25285.5,N,54
323,F,M,2,77551.1,Y,34
324,F,M,0,38538.4,N,12
325,F,S,0,69350.5,Y,57
326,M,S,2,43634.5,N,22
327,F,S,1,13109.1,N,63
328,M,S,1,92647.5,N,56
329,M,S,2,21021.6,Y,63
330,M,S,0,74460.7,Y,55
331,F,S,2,28787.4,N,42
332,M,M,1,13091.6,N,59
333,F,M,2,62061.8,Y,46
334,F,M,1,20550.9,Y,22
335,M,M,2,1765.41,N,19
336,F,S,2,19131.1,N,56
337,M,M,2,42750.3,Y,50
338,F,S,2,2842.55,N,46
339,M,M,2,22358.1,N,53
340,M,M,0,47870.8,Y,27
341,F,S,2,6440.46,Y,41
342,F,S,0,7325.5,N,37
343,M,M,2,28766.9,N,47
344,M,M,1,5252.29,N,16
345,M,M,2,91272.2,Y,25
346,M,S,0,69000.0,Y,52
347,M,M,2,1406.05,Y,19
348,F,S,0,73228.3,N,43
349,F,S,2,76231.9,N,64
350,M,M,1,64792.3,N,52
351,F,S,0,93322.1,Y,40
352,M,M,1,63437.3,N,64
353,M,M,2,49910.7,Y,52
354,M,M,0,76161.4,Y,45
355,F,M,2,55860.0,Y,15
356,F,S,1,12686.0,N,65
357,M,M,2,57360.8,Y,53
358,M,M,1,92414.7,Y,46
359,M,M,1,60102.7,N,42
360,F,M,2,17888.7,N,43
361,F,S,1,12526.3,N,54
362,F,S,2,14578.8,Y,61
363,M,M,0,78572.2,Y,42
364,M,M,1,3933.74,N,18
365,F,M,2,48238.8,N,35
366,F,M,0,28770.9,N,12
367,F,M,2,87578.2,Y,53
368,F,M,2,86695.4,N,14
369,F,S,2,76791.2,N,47
370,F,S,0,30763.8,Y,14
371,F,M,2,3193.6,N,54
372,F,M,0,83287.0,N,56
373,M,S,1,2056.06,Y,19
374,F,M,2,7776.6,N,36
375,M,M,1,2067.82,N,48
376,M,S,0,77000.0,N,63
377,F,M,2,69343.3,N,42
378,F,M,0,83287.0,N,44
379,F,M,0,14932.5,N,46
380,F,S,0,27498.1,N,53
381,F,M,2,21419.9,N,60
382,F,M,2,30665.2,Y,23
383,F,M,1,70000.0,Y,67
384,F,M,2,50561.3,N,46
385,F,S,2,23464.0,Y,61
386,F,M,2,194.57,N,47
387,F,M,1,98680.4,Y,46
388,M,M,0,65619.7,Y,53
389,F,M,1,95620.3,Y,47
390,F,S,0,85275.0,N,62
391,F,M,1,66921.4,Y,46
392,F,M,1,98453.6,Y,70
393,F,M,2,94026.8,Y,28
394,F,S,2,57420.0,Y,55
395,M,M,0,66666.0,N,45
396,M,M,2,47639.1,N,41
397,F,M,2,63234.5,Y,52
398,F,M,2,18296.4,Y,43
399,F,S,0,39461.0,N,22
400,F,S,1,70000.0,N,56
401,M,M,1,47371.0,Y,55
402,F,M,2,52957.0,Y,40
403,F,S,2,86747.1,N,65
404,F,M,1,87404.6,N,63
405,F,M,2,85394.0,Y,20
406,F,S,0,2121.36,N,40
407,F,M,2,63566.1,Y,56
408,F,S,0,89813.6,N,13
409,F,M,2,82644.2,Y,33
410,F,S,1,27783.6,N,14
411,F,M,2,60485.5,N,42
412,F,M,2,809.43,Y,32
413,M,S,1,76529.8,N,58
414,F,M,2,34577.7,N,63
415,F,M,0,66666.0,N,67
416,F,S,2,19008.4,Y,52
417,F,M,0,98056.3,N,56
418,M,M,0,80000.0,Y,53
419,M,M,0,78894.2,N,53
420,M,S,1,16432.1,Y,21
421,M,S,1,62797.9,N,32
422,M,S,1,71329.9,Y,42
423,F,S,0,20913.6,N,53
424,F,S,1,540.4,Y,39
425,M,M,2,67339.8,N,17
426,M,M,1,75799.9,N,46
427,F,S,2,15688.5,N,53
428,F,S,0,43382.3,N,16
429,F,S,0,5185.31,N,62
430,F,D,1,13011.4,N,16
431,F,S,0,35000.0,N,22
432,F,M,2,80087.7,N,42
433,F,M,2,59691.3,N,38
434,F,S,2,11251.1,Y,52
435,M,M,1,70908.7,N,50
436,M,S,0,94928.3,N,40
437,F,M,2,50622.3,N,40
438,M,M,0,100020.0,Y,52
439,M,M,0,65000.0,Y,52
440,F,S,2,93559.1,N,58
441,F,M,1,56722.8,N,61
442,M,M,1,120000.0,N,53
443,F,S,2,3416.62,Y,23
444,F,M,0,78000.0,Y,56
445,M,M,0,73400.0,Y,53
446,F,M,2,8032.16,N,46
447,F,D,1,93454.3,Y,49
448,M,M,0,5745.0,Y,15
449,F,S,0,77000.0,N,59
450,F,S,0,92564.1,Y,49
451,M,S,0,68000.0,Y,49
452,F,M,2,48322.5,Y,49
453,M,S,2,78373.5,N,35
454,F,M,2,81913.8,Y,50
455,F,S,0,919.93,N,38
456,F,M,2,69486.8,N,31
457,F,M,2,24482.8,N,34
458,F,M,0,14573.6,N,65
459,F,M,2,92103.8,N,52
460,F,S,2,8392.14,Y,37
461,F,S,0,17138.2,N,64
462,F,M,2,47010.1,N,57
463,F,S,0,67239.4,N,44
464,M,M,1,69406.7,Y,38
465,F,M,2,83259.3,N,51
466,M,M,1,20818.5,N,13
467,F,M,2,2185.6,N,53
468,M,M,1,76511.3,N,62
469,F,M,1,34555.0,N,23
470,F,M,2,11234.7,Y,49
471,F,M,2,36660.9,Y,40
472,F,M,2,68462.8,N,34
473,F,M,2,72841.3,N,47
474,F,M,2,63670.8,Y,46
475,M,S,0,80000.0,N,41
476,F,S,1,83287.0,Y,47
477,M,M,0,12387.6,N,56
478,F,M,1,82931.3,N,65
479,F,M,2,57483.9,N,44
480,F,S,2,21274.0,N,46
481,F,M,2,28267.0,N,30
482,F,M,2,36725.1,N,56
483,M,S,1,94188.3,N,58
484,F,M,2,91861.0,Y,42
485,F,S,1,12374.9,Y,33
486,F,M,2,69133.9,Y,27
487,F,M,2,84948.0,Y,29
488,F,M,2,30998.8,N,41
489,M,D,1,21416.5,N,36
490,M,S,1,78554.2,N,17
491,M,S,1,3960.5,N,15
492,M,M,0,60101.1,Y,64
493,F,M,2,38215.9,N,31
494,F,M,1,13829.4,N,20
495,F,M,2,49745.3,N,48
496,F,M,2,88427.0,N,14
497,F,M,2,98003.7,Y,26
498,M,S,0,89142.7,N,54
499,F,S,0,74530.8,N,63
500,F,S,0,40120.0,N,22
501,F,M,2,76289.2,N,48
502,M,M,1,66931.9,N,64
503,F,D,0,40120.0,Y,21
504,F,M,1,40120.0,N,22
505,F,S,0,40120.0,N,24
506,F,S,0,40120.0,N,24
507,F,S,2,42000.0,N,23
508,F,S,0,40120.0,N,20
509,F,S,2,40120.0,N,22
510,F,S,1,40120.0,N,21
511,F,M,2,90271.6,N,45
512,F,M,2,64816.6,Y,31
513,F,M,2,98217.1,N,45
514,F,S,1,2929.13,N,54
515,F,M,2,41876.6,Y,44
516,M,M,0,96223.4,Y,65
517,F,S,0,15989.3,N,62
518,M,M,0,69168.4,Y,62
519,M,M,1,92148.5,Y,38
520,M,M,0,96681.0,Y,20
521,M,S,0,62705.9,Y,39
522,M,S,0,80221.2,N,29
523,M,S,0,84479.2,N,28
524,F,M,2,64977.4,N,38
525,F,M,0,77994.0,N,51
526,M,M,2,90103.7,N,35
527,F,M,0,59008.4,Y,30
528,M,M,2,5265.35,N,53
529,M,S,1,84978.1,N,22
530,F,M,2,36647.9,N,50
531,F,S,0,64319.2,N,41
532,F,S,1,73338.0,N,48
533,F,S,0,433.74,N,61
534,F,M,2,16962.2,N,45
535,M,M,2,10708.3,N,26
536,F,M,0,2031.61,N,20
537,F,S,2,16938.5,N,52
538,F,M,0,55221.0,N,43
539,F,M,1,8073.11,N,46
540,M,M,0,95448.6,Y,54
541,M,S,1,24141.5,Y,17
542,M,S,2,63152.6,Y,63
543,M,S,1,31952.0,N,34
544,M,S,2,72084.7,N,56
545,F,S,0,42760.5,N,47
546,F,S,1,49072.0,N,48
547,F,M,0,27371.8,Y,53
548,M,M,1,71472.9,N,42
549,F,M,0,95405.7,N,48
550,F,S,0,95786.8,Y,53
551,M,S,0,90321.6,N,55
552,M,D,1,90478.6,N,55
553,F,M,2,56187.0,N,43
554,M,M,1,28313.1,N,21
555,F,S,1,41000.0,N,24
556,M,M,2,29616.0,N,49
557,M,M,0,19732.8,N,51
558,M,S,2,96.33,N,56
559,F,M,2,52004.8,N,25
560,M,M,2,53010.8,N,19
561,M,M,0,75004.5,N,65
562,M,M,0,19749.3,N,60
563,M,S,1,57626.9,Y,44
564,M,M,2,20078.0,N,33
565,F,M,2,47902.0,N,26
566,M,M,1,7545.96,Y,17
567,F,S,0,78851.3,N,48
568,F,S,1,17540.7,Y,63
569,F,M,0,83891.9,Y,61
570,F,M,2,28220.8,N,39
571,F,S,0,28589.1,N,16
572,F,M,2,5237.63,N,49
573,M,S,2,89459.9,N,53
574,F,S,1,13576.5,N,39
575,F,S,0,81710.9,N,59
576,F,M,2,67388.0,N,53
577,F,M,1,57063.0,Y,52
578,F,M,2,84166.1,N,54
579,F,S,0,45612.9,N,14
580,F,S,1,7737.94,N,43
581,M,S,2,120000.0,N,42
582,F,M,2,45287.6,Y,29
583,F,M,2,59613.1,N,34
584,F,S,1,16326.7,N,51
585,F,S,2,9559.78,N,51
586,F,M,2,42031.8,N,51
587,F,M,2,83284.1,Y,28
588,M,M,1,39229.1,N,26
589,F,D,1,68427.4,N,42
590,M,S,0,3601.71,N,49
591,F,S,0,98716.3,N,56
592,F,S,2,66182.7,Y,62
593,F,M,2,84789.3,N,50
594,F,M,2,35976.5,Y,49
595,F,M,0,32703.1,Y,65
596,F,M,2,8204.72,N,53
597,M,M,1,97180.4,N,51
598,F,M,0,80405.1,N,60
599,F,S,2,38280.0,N,34
600,M,S,0,64136.6,Y,61
601,F,M,2,45429.7,Y,62
602,F,S,0,25285.5,N,54
603,F,M,2,77551.1,Y,34
604,F,M,0,38538.4,N,12
605,M,M,0,92881.8,N,21
606,M,S,2,43634.5,N,22
607,F,S,1,13109.1,N,63
608,M,S,1,92647.5,N,56
609,M,S,2,21021.6,Y,63
610,M,S,0,74460.7,Y,55
611,F,S,2,28787.4,N,42
612,M,M,1,13091.6,N,59
613,F,M,2,62061.8,Y,46
614,F,M,1,20550.9,Y,22
615,M,M,2,1765.41,N,19
616,F,S,2,19131.1,N,56
617,M,M,2,42750.3,Y,50
618,F,S,2,2842.55,N,46
619,M,M,2,22358.1,N,53
620,M,M,0,47870.8,Y,27
621,F,S,2,6440.46,Y,43
622,F,S,0,7325.5,N,37
623,M,M,2,28766.9,N,47
624,M,S,0,72928.2,N,39
625,M,M,2,91272.2,Y,25
626,M,S,0,65000.0,Y,52
627,M,M,2,1406.05,Y,19
628,F,S,0,73228.3,N,46
629,F,S,2,76231.9,N,64
630,M,M,1,64792.3,N,52
631,F,S,0,93322.1,Y,40
632,M,M,1,63437.3,N,64
633,M,M,2,49910.7,Y,52
634,M,M,1,76161.4,Y,45
635,F,M,2,55860.0,Y,15
636,F,S,1,12686.0,N,65
637,M,M,2,57360.8,Y,53
638,M,M,0,92414.7,Y,46
639,M,M,0,60102.7,N,42
640,F,M,2,17888.7,N,53
641,F,S,1,12526.3,N,54
642,F,S,2,14578.8,Y,61
643,M,M,0,78572.2,Y,42
644,M,M,1,3933.74,N,18
645,F,M,2,48238.8,N,35
646,F,M,0,28770.9,N,12
647,F,M,2,87578.2,Y,53
648,F,M,2,86695.4,N,14
649,F,S,2,76791.2,N,43
650,F,S,1,30763.8,Y,14
651,F,M,2,3193.6,N,54
652,M,M,1,69680.9,N,16
653,F,M,0,77000.0,N,63
654,M,D,0,2056.06,Y,19
655,F,M,2,7776.6,N,36
656,M,M,1,2067.82,N,48
657,M,S,0,78000.0,N,46
658,F,M,2,69343.3,N,42
659,F,M,0,83287.0,N,42
660,F,M,0,14932.5,N,70
661,F,S,0,27498.1,N,70
662,F,M,2,21419.9,N,60
663,F,M,2,30665.2,Y,23
664,F,M,1,68000.0,Y,44
665,F,M,2,50561.3,N,62
666,F,S,2,23464.0,Y,55
667,F,M,2,194.57,N,41
668,F,M,1,98680.4,Y,62
669,M,M,0,65619.7,Y,46
670,F,M,1,95620.3,Y,41
671,F,D,1,85275.0,N,70
672,F,M,1,66921.4,Y,61
673,F,M,1,98453.6,Y,55
674,F,M,2,94026.8,Y,28
675,F,S,2,57420.0,Y,42
676,M,M,0,80000.0,N,56
677,M,M,2,47639.1,N,61
678,F,M,2,63234.5,Y,52
679,F,S,2,46945.0,N,65
680,M,M,0,3911.9,N,59
681,F,M,0,71816.1,Y,60
682,F,M,2,18296.4,Y,43
683,F,S,0,39461.0,N,22
684,F,M,1,71502.5,N,57
685,F,S,1,66000.0,N,52
686,F,M,1,95011.5,N,52
687,M,M,1,47371.0,Y,55
688,F,M,2,52957.0,Y,40
689,F,S,2,86747.1,N,65
690,F,M,0,57942.4,N,50
691,F,M,1,87404.6,N,63
692,M,S,2,20919.0,N,55
693,F,M,2,85394.0,Y,20
694,F,S,0,2121.36,N,40
695,F,M,2,63566.1,Y,56
696,F,M,0,52089.6,N,48
697,F,S,1,58328.8,N,65
698,F,S,0,89813.6,N,13
699,F,M,2,82644.2,Y,33
700,F,S,1,27783.6,N,14
701,F,S,1,86252.8,Y,59
702,F,M,1,38738.3,N,60
703,F,M,2,60485.5,N,42
704,F,M,1,56722.8,N,61
705,F,M,0,55000.0,N,48
706,F,M,2,809.43,Y,32
707,M,S,1,76529.8,N,58
708,F,M,2,34577.7,N,63
709,M,M,0,23000.0,Y,61
710,F,M,0,77000.0,N,55
711,F,S,2,19008.4,Y,52
712,F,M,0,98056.3,N,56
713,M,M,0,73400.0,Y,53
714,F,M,0,53432.2,Y,57
715,M,M,0,78894.2,N,53
716,M,S,1,16432.1,Y,21
717,M,M,0,62797.9,N,54
718,M,S,1,71329.9,Y,42
719,F,S,0,91498.9,N,52
720,M,S,0,3601.71,N,49
721,F,S,1,33084.3,Y,50
722,F,S,0,20913.6,N,53
723,M,M,0,62724.5,Y,55
724,F,S,1,49553.9,Y,48
725,F,S,1,540.4,Y,39
726,F,M,0,57255.4,N,27
727,F,S,1,71941.5,Y,45
728,F,S,2,72583.0,Y,22
729,M,M,2,67339.8,N,17
730,F,M,1,88759.5,N,60
731,M,M,1,75799.9,N,46
732,F,S,2,15688.5,N,53
733,F,S,0,43382.3,N,16
734,M,S,0,2805.01,Y,25
735,F,S,0,5185.31,N,62
736,F,S,0,42000.0,N,16
737,F,S,0,38000.0,N,22
738,F,M,1,81641.2,Y,19
739,F,M,2,80087.7,N,42
740,F,M,2,59691.3,N,38
741,F,S,2,11251.1,Y,43
742,M,M,0,70908.7,N,50
743,M,S,0,94928.3,N,40
744,F,M,2,50622.3,N,40
745,M,M,0,78000.0,Y,50
746,M,M,1,78000.0,Y,52
747,F,S,2,93559.1,N,58
748,F,M,1,56722.8,N,61
749,M,M,1,80000.0,N,39
750,F,S,2,3416.62,Y,23
751,F,M,0,73069.1,Y,56
752,M,M,0,80000.0,Y,53
753,F,M,2,8032.16,N,46
754,F,S,0,93454.3,Y,49
755,M,M,0,5745.0,Y,15
756,F,S,0,83287.0,N,60
757,F,S,0,92564.1,Y,49
758,M,S,0,70000.0,Y,48
759,F,M,2,48322.5,Y,49
760,M,S,2,78373.5,N,35
761,F,M,2,81913.8,Y,50
762,F,S,0,919.93,N,38
763,F,M,2,69486.8,N,31
764,F,M,2,24482.8,N,34
765,F,M,0,14573.6,N,65
766,F,M,2,92103.8,N,52
767,F,S,2,8392.14,Y,37
768,F,S,0,17138.2,N,64
769,F,M,2,47010.1,N,57
770,F,D,1,67239.4,N,44
771,M,M,1,69406.7,Y,47
772,F,M,2,83259.3,N,51
773,F,M,2,2185.6,N,53
774,M,M,1,76511.3,N,62
775,F,M,1,35000.0,N,22
776,F,M,2,11234.7,Y,49
777,F,M,2,36660.9,Y,40
778,F,M,2,68462.8,N,34
779,F,M,2,72841.3,N,47
780,F,M,2,63670.8,Y,46
781,M,S,0,66666.0,N,77
782,F,S,1,77000.0,Y,45
783,M,M,0,12387.6,N,56
784,F,M,1,82931.3,N,65
785,F,M,2,57483.9,N,44
786,F,S,2,21274.0,N,46
787,F,M,2,28267.0,N,30
788,F,M,2,36725.1,N,56
789,M,S,1,94188.3,N,58
790,F,M,2,91861.0,Y,42
791,F,S,1,12374.9,Y,33
792,F,M,2,69133.9,Y,27
793,F,M,2,84948.0,Y,29
794,F,M,2,30998.8,N,41
795,M,M,2,21416.5,N,36
796,M,M,2,78554.2,N,17
797,M,S,1,3960.5,N,15
798,M,M,0,60101.1,Y,64
799,F,M,2,38215.9,N,31
800,F,M,1,40120.0,N,24
801,F,M,2,49745.3,N,48
802,F,M,2,88427.0,N,14
803,F,M,2,98003.7,Y,26
804,M,S,0,89142.7,N,54
805,F,S,0,74530.8,N,63
806,F,S,0,40120.0,N,24
807,F,M,2,76289.2,N,48
808,M,M,1,66931.9,N,64
809,F,S,0,40120.0,Y,23
810,F,M,1,14085.5,N,24
811,F,S,0,32962.6,N,21
812,F,S,0,42000.0,N,22
813,F,S,2,43000.0,N,20
814,F,D,1,77726.4,N,57
815,F,S,2,42000.0,N,18
816,F,S,1,2800.68,N,46
817,F,M,2,90271.6,N,45
818,F,M,2,64816.6,Y,31
819,F,M,2,98217.1,N,45
820,F,S,1,2929.13,N,54
821,F,M,2,41876.6,Y,44
822,M,M,0,96223.4,Y,65
823,F,S,0,15989.3,N,62
824,M,M,0,69168.4,Y,62
825,M,M,1,92148.5,Y,33
826,M,M,0,96681.0,Y,20
827,M,S,0,62705.9,Y,33
828,M,S,0,80221.2,N,29
829,M,S,0,84479.2,N,32
830,F,M,2,64977.4,N,38
831,F,M,0,77994.0,N,51
832,M,M,2,90103.7,N,35
833,F,M,0,59008.4,Y,30
834,M,M,2,5265.35,N,53
835,M,S,1,84978.1,N,22
836,F,M,2,36647.9,N,50
837,F,S,0,64319.2,N,41
838,F,S,1,73338.0,N,48
839,F,S,0,433.74,N,61
840,F,M,2,16962.2,N,45
841,M,M,2,10708.3,N,26
842,F,M,0,2031.61,N,20
843,F,S,2,16938.5,N,43
844,F,M,0,55221.0,N,47
845,F,M,1,8073.11,N,48
846,M,M,0,95448.6,Y,54
847,M,S,1,24141.5,Y,17
848,M,S,2,63152.6,Y,63
849,M,S,2,72084.7,N,56
850,F,S,0,42760.5,N,53
851,F,S,1,49072.0,N,62
852,F,M,0,27371.8,Y,41
853,M,M,0,71472.9,N,42
854,F,M,0,95405.7,N,43
855,F,S,0,95786.8,Y,46
856,M,S,0,90321.6,N,55
857,M,S,0,90478.6,N,55
858,F,M,2,56187.0,N,55
859,F,S,1,42000.0,N,24
860,M,M,0,9780.66,N,25
861,M,M,2,29616.0,N,49
862,M,M,0,19732.8,N,51
863,M,S,1,41690.5,Y,15
864,M,S,2,96.33,N,56
865,F,M,2,52004.8,N,25
866,M,M,2,53010.8,N,19
867,M,M,1,75004.5,N,65
868,M,M,0,19749.3,N,60
869,M,S,1,57626.9,Y,44
870,M,D,0,20078.0,N,33
871,F,M,2,47902.0,N,26
872,M,M,1,7545.96,Y,17
873,F,S,0,78851.3,N,48
874,F,S,1,17540.7,Y,63
875,F,M,0,83891.9,Y,61
876,F,S,2,28220.8,N,39
877,F,S,0,28589.1,N,16
878,F,M,2,5237.63,N,49
879,M,S,2,89459.9,N,53
880,F,S,1,13576.5,N,39
881,F,M,2,67388.0,N,53
882,F,M,1,57063.0,Y,52
883,F,M,2,84166.1,N,54
884,F,S,0,45612.9,N,14
885,F,S,1,7737.94,N,43
886,M,S,2,65000.0,N,45
887,F,M,2,45287.6,Y,29
888,F,M,2,59613.1,N,34
889,F,S,1,16326.7,N,51
890,F,S,2,9559.78,N,51
891,F,M,2,42031.8,N,51
892,F,M,2,83284.1,Y,28
893,M,M,1,39229.1,N,26
894,F,S,0,68427.4,N,42
895,M,S,0,3601.71,N,49
896,F,S,0,98716.3,N,56
897,F,S,2,66182.7,Y,62
898,F,M,2,84789.3,N,50
899,F,M,2,35976.5,Y,49
900,F,M,0,32703.1,Y,65
901,F,M,2,8204.72,N,53
902,M,M,1,97180.4,N,33
903,F,S,2,38280.0,N,34
904,M,S,0,64136.6,Y,61
905,F,M,2,45429.7,Y,62
906,F,S,0,25285.5,N,54
907,F,M,2,77551.1,Y,34
908,F,M,0,38538.4,N,12
909,M,M,0,92881.8,N,21
910,M,S,2,43634.5,N,22
911,F,S,1,13109.1,N,63
912,M,S,1,92647.5,N,56
913,M,S,2,21021.6,Y,63
914,M,S,0,74460.7,Y,55
915,F,S,2,28787.4,N,42
916,M,M,1,13091.6,N,59
917,F,M,2,62061.8,Y,46
918,F,M,1,20550.9,Y,22
919,M,M,2,1765.41,N,19
920,F,S,2,19131.1,N,56
921,M,M,2,42750.3,Y,50
922,F,S,2,2842.55,N,46
923,M,M,2,22358.1,N,53
924,M,M,0,47870.8,Y,27
925,F,S,2,6440.46,Y,70
926,F,S,0,7325.5,N,37
927,M,M,1,63900.9,N,28
928,M,M,2,28766.9,N,47
929,M,M,1,5252.29,N,16
930,M,M,2,91272.2,Y,25
931,M,S,0,69000.0,Y,42
932,M,M,2,1406.05,Y,19
933,F,S,0,73228.3,N,61
934,F,S,2,76231.9,N,64
935,M,M,1,64792.3,N,52
936,F,S,0,93322.1,Y,40
937,M,M,1,63437.3,N,64
938,M,M,2,49910.7,Y,52
939,M,M,0,76161.4,Y,45
940,F,M,2,55860.0,Y,15
941,F,S,1,12686.0,N,65
942,M,M,2,57360.8,Y,53
943,M,M,1,92414.7,Y,46
944,M,M,0,60102.7,N,42
945,F,M,2,17888.7,N,43
946,F,S,1,12526.3,N,54
947,F,S,2,14578.8,Y,61
948,M,M,0,78572.2,Y,42
949,F,M,2,48238.8,N,35
950,F,M,0,28770.9,N,12
951,F,M,2,87578.2,Y,53
952,F,M,2,86695.4,N,14
953,F,S,2,76791.2,N,55
954,F,S,0,30763.8,Y,14
955,F,M,2,3193.6,N,54
956,M,M,1,69680.9,N,16
957,F,M,0,83287.0,N,67
958,M,S,0,2056.06,Y,19
959,F,M,2,7776.6,N,36
960,M,M,1,2067.82,N,48
961,M,S,0,68000.0,N,63
962,M,M,0,69343.3,N,42
963,F,M,0,14932.5,N,42
964,F,S,0,27498.1,N,43
965,M,M,2,21419.9,N,60
966,M,M,2,30665.2,Y,23
967,F,M,1,78000.0,Y,59
968,F,M,2,50561.3,N,46
969,F,S,2,23464.0,Y,52
970,F,M,2,194.57,N,70
971,F,M,1,98680.4,Y,70
972,M,M,0,65619.7,Y,52
973,F,M,1,95620.3,Y,61
974,F,S,0,85275.0,N,42
975,F,M,1,66921.4,Y,53
976,F,M,1,98453.6,Y,62
977,F,M,2,94026.8,Y,28
978,F,S,2,57420.0,Y,43
979,M,M,0,68000.0,N,49
980,M,M,2,47639.1,N,43
981,F,M,2,63234.5,Y,52
982,M,M,0,3911.9,N,38
983,F,M,2,18296.4,Y,43
984,F,S,0,39461.0,N,22
985,F,M,2,52957.0,Y,40
986,F,S,2,86747.1,N,65
987,F,M,1,87404.6,N,63
988,F,M,2,85394.0,Y,20
989,F,S,0,2121.36,N,40
990,F,M,2,63566.1,Y,56
991,F,S,0,89813.6,N,13
992,F,M,2,82644.2,Y,33
993,F,S,1,27783.6,N,14
994,F,M,2,60485.5,N,42
995,F,M,2,809.43,Y,32
996,M,S,1,76529.8,N,58
997,F,M,2,34577.7,N,63
998,F,S,2,19008.4,Y,52
999,F,M,0,98056.3,N,56
1000,M,M,0,80000.0,Y,45
1001,M,M,0,78894.2,N,34
1002,M,S,1,16432.1,Y,21
1003,M,M,1,62797.9,N,54
1004,M,S,1,71329.9,Y,42
1005,F,S,0,20913.6,N,53
1006,F,S,1,540.4,Y,39
1007,M,M,2,67339.8,N,17
1008,M,M,1,75799.9,N,46
1009,F,S,2,15688.5,N,53
1010,F,S,0,43382.3,N,16
1011,F,S,0,5185.31,N,62
1012,F,S,1,35089.0,N,16
1013,F,S,0,37000.0,N,22
1014,F,M,2,80087.7,N,42
1015,F,M,2,59691.3,N,38
1016,F,S,2,11251.1,Y,47
1017,M,M,1,70908.7,N,50
1018,M,S,0,94928.3,N,40
1019,F,M,2,50622.3,N,40
1020,M,M,0,100020.0,Y,46
1021,M,M,0,69000.0,Y,52
1022,M,S,1,37626.0,N,34
1023,F,M,1,56722.8,N,61
1024,M,M,1,120000.0,N,64
1025,F,S,2,3416.62,Y,23
1026,F,M,0,73069.1,Y,56
1027,M,M,1,80000.0,Y,53
1028,F,M,2,8032.16,N,46
1029,F,D,1,93454.3,Y,49
1030,M,M,0,5745.0,Y,15
1031,F,S,0,92564.1,Y,49
1032,F,M,2,48322.5,Y,49
1033,F,M,2,81913.8,Y,50
1034,F,S,0,919.93,N,38
1035,F,M,2,69486.8,N,31
1036,F,M,2,24482.8,N,34
1037,F,M,2,92103.8,N,52
1038,F,S,2,8392.14,Y,37
1039,F,S,0,17138.2,N,64
1040,F,M,2,47010.1,N,57
1041,F,S,0,67239.4,N,44
1042,M,M,1,69406.7,Y,47
1043,F,M,2,83259.3,N,51
1044,M,M,1,20818.5,N,13
1045,F,M,2,2185.6,N,53
1046,M,M,1,76511.3,N,62
1047,F,M,1,6946.07,N,20
1048,F,M,2,11234.7,Y,49
1049,F,M,2,36660.9,Y,40
1050,F,M,2,68462.8,N,34
1051,F,M,2,72841.3,N,47
1052,M,M,1,63670.8,Y,46
1053,M,M,0,12387.6,N,56
1054,F,M,1,82931.3,N,65
1055,F,M,2,57483.9,N,44
1056,F,S,2,21274.0,N,46
1057,F,M,2,28267.0,N,30
1058,F,M,2,36725.1,N,56
1059,M,S,1,94188.3,N,58
1060,F,M,2,91861.0,Y,42
1061,F,S,1,12374.9,Y,33
1062,F,M,2,69133.9,Y,27
1063,F,M,2,84948.0,Y,29
1064,F,M,2,30998.8,N,41
1065,M,M,2,21416.5,N,36
1066,M,S,0,78554.2,N,17
1067,M,S,1,3960.5,N,15
1068,M,M,0,60101.1,Y,64
1069,F,M,2,38215.9,N,31
1070,F,M,1,13829.4,N,19
1071,F,M,2,49745.3,N,48
1072,F,M,2,88427.0,N,14
1073,F,M,2,98003.7,Y,26
1074,M,S,0,89142.7,N,54
1075,F,S,0,74530.8,N,63
1076,F,S,0,30000.0,N,23
1077,F,M,2,76289.2,N,48
1078,M,M,1,66931.9,N,64
1079,M,M,2,9309.57,Y,25
1080,F,M,1,14085.5,N,24
1081,F,S,0,32962.6,N,24
1082,F,S,0,35000.0,N,23
1083,F,S,2,39000.0,N,22
1084,F,S,0,77726.4,N,57
1085,F,S,2,42000.0,N,19
1086,F,S,1,2800.68,N,46
1087,F,M,2,90271.6,N,45
1088,F,M,2,64816.6,Y,31
1089,F,M,2,98217.1,N,45
1090,F,S,1,2929.13,N,54
1091,F,M,2,41876.6,Y,44
1092,M,M,0,96223.4,Y,65
1093,F,S,0,15989.3,N,62
1094,M,M,0,69168.4,Y,62
1095,M,M,1,92148.5,Y,30
1096,M,M,0,96681.0,Y,20
1097,M,S,0,62705.9,Y,38
1098,M,S,0,80221.2,N,29
1099,M,S,0,84479.2,N,39
1100,F,M,2,64977.4,N,38
1101,F,M,0,77994.0,N,51
1102,M,M,2,90103.7,N,35
1103,F,M,0,59008.4,Y,30
1104,M,S,1,5265.35,N,53
1105,M,S,1,84978.1,N,22
1106,F,M,2,36647.9,N,50
1107,F,S,0,64319.2,N,41
1108,F,S,1,73338.0,N,48
1109,F,S,0,433.74,N,61
1110,F,M,2,16962.2,N,45
1111,M,M,2,10708.3,N,26
1112,F,M,0,2031.61,N,20
1113,F,S,2,16938.5,N,46
1114,F,M,0,55221.0,N,61
1115,F,M,1,8073.11,N,55
1116,M,M,0,95448.6,Y,54
1117,M,S,1,24141.5,Y,17
1118,M,S,2,63152.6,Y,63
1119,M,S,1,31952.0,N,34
1120,M,S,2,72084.7,N,56
1121,F,S,0,42760.5,N,52
1122,F,S,1,49072.0,N,42
1123,F,M,0,27371.8,Y,43
1124,M,M,1,71472.9,N,42
1125,F,M,0,95405.7,N,55
1126,F,S,0,95786.8,Y,52
1127,M,S,0,90321.6,N,55
1128,M,D,1,90478.6,N,55
1129,F,M,2,56187.0,N,46
1130,F,S,1,35089.0,N,24
1131,M,M,0,9780.66,N,25
1132,M,M,2,53010.8,N,19
1133,M,M,1,75004.5,N,65
1134,M,M,0,19749.3,N,60
1135,M,S,1,57626.9,Y,44
1136,M,M,2,20078.0,N,33
1137,F,M,2,47902.0,N,26
1138,M,M,1,7545.96,Y,17
1139,M,S,2,89459.9,N,53
1140,F,S,1,13576.5,N,39
1141,F,M,2,42031.8,N,51
1142,M,S,2,43634.5,N,22
1143,F,S,1,13109.1,N,63
1144,M,S,1,92647.5,N,56
1145,M,S,2,21021.6,Y,63
1146,M,S,0,74460.7,Y,55
1147,F,S,2,28787.4,N,42
1148,M,M,1,13091.6,N,59
1149,F,M,2,62061.8,Y,46
1150,F,M,1,20550.9,Y,22
1151,M,M,2,1765.41,N,19
1152,F,S,2,19131.1,N,56
1153,M,M,0,47870.8,Y,27
1154,F,S,2,6440.46,Y,48
1155,M,M,2,28766.9,N,47
1156,M,M,1,5252.29,N,16
1157,M,M,2,91272.2,Y,25
1158,F,S,0,73228.3,N,53
1159,M,M,1,64792.3,N,52
1160,F,S,0,93322.1,Y,40
1161,M,M,2,49910.7,Y,52
1162,M,M,1,76161.4,Y,45
1163,F,M,2,55860.0,Y,15
1164,M,M,2,57360.8,Y,53
1165,M,M,0,92414.7,Y,46
1166,F,S,2,14578.8,Y,61
1167,F,M,2,87578.2,Y,53
1168,F,M,2,86695.4,N,14
1169,F,M,0,83287.0,N,41
1170,M,M,1,2067.82,N,48
1171,M,M,2,30665.2,Y,23
1172,F,M,1,83287.0,Y,47
1173,F,M,1,98680.4,Y,42
1174,M,M,0,65619.7,Y,46
1175,F,M,1,95620.3,Y,43
1176,F,S,0,85275.0,N,47
1177,F,M,1,66921.4,Y,62
1178,F,M,1,98453.6,Y,41
1179,F,S,2,57420.0,Y,46
1180,M,M,0,66000.0,N,46
1181,M,M,2,47639.1,N,48
1182,F,S,0,39461.0,N,22
1183,M,M,1,47371.0,Y,55
1184,M,S,1,16432.1,Y,21
1185,F,S,1,540.4,Y,39
1186,F,M,2,80087.7,N,42
1187,F,M,2,59691.3,N,38
1188,F,S,2,11251.1,Y,53
1189,F,S,2,93559.1,N,58
1190,F,S,2,3416.62,Y,23
1191,F,S,0,93454.3,Y,49
1192,M,M,0,5745.0,Y,15
1193,M,S,2,60095.2,Y,23
1194,F,M,1,6946.07,N,20
1195,F,M,2,11234.7,Y,49
1196,M,M,0,12387.6,N,56
1197,F,M,1,82931.3,N,65
1198,F,M,2,57483.9,N,44
1199,F,S,2,21274.0,N,46
1200,F,M,2,28267.0,N,30
1201,F,M,2,36725.1,N,56
1202,M,S,1,94188.3,N,58
1203,F,M,2,91861.0,Y,42
1204,F,S,1,12374.9,Y,33
1205,F,M,2,69133.9,Y,27
1206,F,M,2,84948.0,Y,29
1207,F,M,2,30998.8,N,41
1208,M,S,0,15924.2,N,14
1209,M,M,2,21416.5,N,36
1210,M,M,2,78554.2,N,17
1211,F,M,2,38215.9,N,31
1212,F,M,1,13829.4,N,21
1213,F,M,2,49745.3,N,48
1214,F,M,2,88427.0,N,14
1215,F,M,2,98003.7,Y,26
1216,M,S,0,89142.7,N,54
1217,F,S,0,74530.8,N,63
1218,F,S,0,38000.0,N,24
1219,F,M,2,76289.2,N,48
1220,M,M,1,66931.9,N,64
1221,M,M,2,9309.57,Y,25
1222,F,M,1,32962.6,N,23
1223,F,S,0,42000.0,N,24
1224,F,S,0,43000.0,N,21
1225,F,S,2,42000.0,N,22
1226,F,S,0,77726.4,N,57
1227,F,S,2,37000.0,N,23
1228,F,S,1,2800.68,N,46
1229,F,M,2,90271.6,N,45
1230,F,M,2,64816.6,Y,31
1231,F,M,2,98217.1,N,45
1232,F,S,0,15989.3,N,62
1233,M,M,1,92148.5,Y,28
1234,M,M,0,96681.0,Y,20
1235,M,S,0,62705.9,Y,33
1236,M,S,0,80221.2,N,29
1237,M,S,0,84479.2,N,33
1238,M,S,1,84978.1,N,22
1239,F,M,2,36647.9,N,50
1240,F,S,0,64319.2,N,41
1241,F,S,1,73338.0,N,48
1242,F,S,0,433.74,N,61
1243,F,M,2,16962.2,N,45
1244,M,M,2,10708.3,N,26
1245,F,M,0,2031.61,N,20
1246,F,S,2,16938.5,N,70
1247,F,M,0,55221.0,N,55
1248,F,M,1,8073.11,N,52
1249,M,M,1,95448.6,Y,54
1250,M,S,1,24141.5,Y,17
1251,M,S,2,63152.6,Y,63
1252,M,S,2,72084.7,N,56
1253,F,S,0,42760.5,N,42
1254,F,S,1,49072.0,N,43
1255,F,M,0,27371.8,Y,46
1256,M,M,0,71472.9,N,42
1257,F,M,0,95405.7,N,46
1258,F,S,0,95786.8,Y,47
1259,M,S,0,90321.6,N,55
1260,M,S,0,90478.6,N,55
1261,F,M,2,56187.0,N,48
1262,F,S,1,32098.0,N,24
1263,M,M,2,53010.8,N,19
1264,M,M,1,75004.5,N,65
1265,M,M,0,19749.3,N,60
1266,M,S,1,57626.9,Y,44
1267,M,M,2,20078.0,N,33
1268,F,M,2,47902.0,N,26
1269,M,M,1,7545.96,Y,17
1270,M,S,2,89459.9,N,53
1271,F,S,1,13576.5,N,39
1272,F,M,2,42031.8,N,51
1273,M,S,2,43634.5,N,22
1274,F,S,1,13109.1,N,63
1275,M,S,1,92647.5,N,56
1276,F,S,2,21021.6,Y,63
1277,M,S,0,74460.7,Y,55
1278,F,S,2,28787.4,N,42
1279,M,M,1,13091.6,N,59
1280,F,M,2,62061.8,Y,46
1281,F,M,1,20550.9,Y,22
1282,M,M,2,1765.41,N,19
1283,F,S,2,19131.1,N,56
1284,M,S,2,43634.5,N,22
1285,F,S,1,13109.1,N,63
1286,M,S,1,92647.5,N,56
1287,F,S,2,21021.6,Y,63
1288,M,S,0,74460.7,Y,55
1289,F,S,2,28787.4,N,42
1290,M,M,1,13091.6,N,59
1291,F,M,2,62061.8,Y,46
1292,F,M,1,20550.9,Y,22
1293,M,M,2,1765.41,N,19
1294,F,S,2,19131.1,N,56
1295,F,S,2,6440.46,Y,41
1296,M,M,1,63900.9,N,28
1297,M,M,2,28766.9,N,47
1298,M,S,0,72928.2,N,39
1299,M,M,2,91272.2,Y,25
1300,F,S,0,73228.3,N,43
1301,M,M,1,64792.3,N,52
1302,F,S,0,93322.1,Y,40
1303,M,M,2,49910.7,Y,52
1304,M,M,0,76161.4,Y,45
1305,F,M,2,55860.0,Y,15
1306,M,M,2,57360.8,Y,53
1307,M,M,0,92414.7,Y,46
1308,F,S,2,14578.8,Y,61
1309,F,M,2,87578.2,Y,53
1310,F,M,2,86695.4,N,14
1311,F,M,0,77000.0,N,42
1312,M,M,1,2067.82,N,48
1313,M,M,2,30665.2,Y,23
1314,F,M,1,83287.0,Y,52
1315,F,M,1,98680.4,Y,48
1316,M,M,1,65619.7,Y,53
1317,F,M,1,95620.3,Y,53
1318,F,S,0,85275.0,N,62
1319,F,M,1,66921.4,Y,70
1320,F,M,1,98453.6,Y,61
1321,F,S,2,57420.0,Y,52
1322,M,M,0,70000.0,N,55
1323,M,M,2,47639.1,N,41
1324,F,S,0,39461.0,N,22
1325,M,M,1,47371.0,Y,55
1326,F,S,0,89813.6,N,13
1327,M,S,1,16432.1,Y,21
1328,F,S,1,540.4,Y,39
1329,F,M,2,80087.7,N,42
1330,F,M,2,59691.3,N,38
1331,F,S,2,11251.1,Y,41
1332,F,S,2,93559.1,N,58
1333,F,S,2,3416.62,Y,23
1334,F,D,1,93454.3,Y,49
1335,M,M,0,5745.0,Y,15
1336,F,M,1,13829.4,N,24
1337,F,M,2,11234.7,Y,49
1338,F,M,1,82931.3,N,65
1339,F,M,2,57483.9,N,44
1340,F,S,2,21274.0,N,46
1341,F,M,2,28267.0,N,30
1342,F,M,2,36725.1,N,56
1343,M,S,1,94188.3,N,58
1344,F,M,2,91861.0,Y,42
1345,F,S,1,12374.9,Y,33
1346,F,M,2,69133.9,Y,27
1347,F,M,2,84948.0,Y,29
1348,F,M,2,30998.8,N,41
1349,M,M,2,21416.5,N,36
1350,M,S,0,78554.2,N,17
1351,F,M,2,38215.9,N,31
1352,F,M,1,30000.0,N,21
1353,F,M,2,49745.3,N,48
1354,F,M,2,88427.0,N,14
1355,F,M,2,98003.7,Y,26
1356,M,S,0,89142.7,N,54
1357,F,S,0,74530.8,N,63
1358,F,S,0,41000.0,N,22
1359,F,M,2,76289.2,N,48
1360,M,M,1,66931.9,N,64
1361,M,S,0,9309.57,Y,25
1362,F,M,1,32962.6,N,24
1363,F,S,0,42000.0,N,21
1364,F,S,0,39000.0,N,22
1365,F,S,2,42000.0,N,20
1366,F,D,1,77726.4,N,57
1367,F,S,2,35089.0,N,18
1368,F,S,1,2800.68,N,46
1369,F,M,2,90271.6,N,45
1370,F,M,2,64816.6,Y,31
1371,F,M,2,98217.1,N,45
1372,F,S,0,15989.3,N,62
1373,M,S,1,84978.1,N,22
1374,F,M,2,36647.9,N,50
1375,F,S,0,64319.2,N,41
1376,F,S,1,73338.0,N,48
1377,F,S,0,433.74,N,61
1378,F,M,2,16962.2,N,45
1379,M,M,2,10708.3,N,26
1380,F,M,0,2031.61,N,20
1381,F,S,2,16938.5,N,42
1382,F,M,0,55221.0,N,46
1383,F,M,1,8073.11,N,47
1384,M,M,0,95448.6,Y,54
1385,M,S,1,24141.5,Y,17
1386,M,S,2,63152.6,Y,63
1387,M,S,2,72084.7,N,56
1388,F,S,0,42760.5,N,48
1389,F,S,1,49072.0,N,53
1390,F,M,0,27371.8,Y,62
1391,M,M,1,71472.9,N,42
1392,F,M,0,95405.7,N,62
1393,F,S,0,95786.8,Y,41
1394,M,S,0,90321.6,N,55
1395,M,S,0,90478.6,N,55
1396,F,M,2,56187.0,N,43
1397,F,S,1,35000.0,N,24
1398,M,M,0,9780.66,N,25
1399,M,M,2,53010.8,N,19
1400,M,M,0,75004.5,N,65
1401,M,M,0,19749.3,N,60
1402,M,S,1,57626.9,Y,44
1403,M,S,0,20078.0,N,33
1404,F,M,2,47902.0,N,26
1405,M,M,1,7545.96,Y,17
1406,M,S,2,89459.9,N,53
1407,F,S,1,13576.5,N,39
1408,F,M,2,42031.8,N,51
1409,M,S,2,43634.5,N,22
1410,F,S,1,13109.1,N,63
1411,M,S,1,92647.5,N,56
1412,F,S,2,21021.6,Y,63
1413,M,S,0,74460.7,Y,55
1414,F,M,1,43894.5,N,40
1415,F,S,2,28787.4,N,42
1416,F,S,1,94278.7,Y,53
1417,F,M,0,83900.2,N,45
1418,M,M,1,13091.6,N,59
1419,F,M,0,91708.4,N,37
1420,F,S,0,64335.0,Y,19
1421,F,M,2,62061.8,Y,46
1422,F,M,1,20550.9,Y,22
1423,F,S,0,76142.0,N,32
1424,F,M,1,46513.5,N,30
1425,M,S,1,1765.41,N,19
1426,F,S,2,19131.1,N,56
1427,F,S,0,98716.3,N,56
1428,F,S,2,38280.0,N,34
1429,F,S,2,6440.46,Y,46
1430,M,M,1,63900.9,N,28
1431,M,M,2,28766.9,N,47
1432,F,M,1,56722.8,N,61
1433,M,M,1,5252.29,N,16
1434,F,M,0,78851.3,N,48
1435,M,S,0,72928.2,N,39
1436,M,M,2,91272.2,Y,25
1437,F,M,0,83891.9,Y,61
1438,M,S,0,3601.71,N,49
1439,F,S,0,73228.3,N,70
1440,M,M,1,64792.3,N,52
1441,F,S,0,93322.1,Y,40
1442,M,M,2,49910.7,Y,52
1443,M,M,1,76161.4,Y,45
1444,F,M,2,55860.0,Y,15
1445,M,M,2,57360.8,Y,53
1446,M,M,1,92414.7,Y,46
1447,F,S,2,14578.8,Y,61
1448,F,M,2,87578.2,Y,53
1449,F,M,2,86695.4,N,14
1450,F,M,0,66666.0,N,60
1451,M,M,1,2067.82,N,48
1452,M,S,0,30665.2,Y,23
1453,F,M,1,77000.0,Y,48
1454,F,M,1,98680.4,Y,43
1455,M,M,0,65619.7,Y,46
1456,F,M,1,95620.3,Y,46
1457,F,S,0,85275.0,N,70
1458,F,M,1,66921.4,Y,55
1459,F,M,1,98453.6,Y,52
1460,F,S,2,57420.0,Y,43
1461,M,M,0,58986.2,N,27
1462,F,M,2,47639.1,N,61
1463,F,S,0,39461.0,N,22
1464,M,M,1,47371.0,Y,55
1465,F,S,0,89813.6,N,13
1466,M,S,1,16432.1,Y,21
1467,F,S,1,540.4,Y,39
1468,F,M,2,80087.7,N,42
1469,F,M,2,59691.3,N,38
1470,F,S,2,11251.1,Y,46
1471,M,S,1,37626.0,N,34
1472,F,S,2,3416.62,Y,23
1473,F,S,0,93454.3,Y,49
1474,M,M,0,5745.0,Y,15
1475,F,M,1,13829.4,N,20
1476,F,M,2,11234.7,Y,49
1477,F,M,1,82931.3,N,65
1478,F,M,2,57483.9,N,44
1479,F,S,2,21274.0,N,46
1480,F,M,2,28267.0,N,30
1481,F,M,2,36725.1,N,56
1482,M,S,1,94188.3,N,58
1483,F,M,2,91861.0,Y,42
1484,F,S,1,12374.9,Y,33
1485,F,M,2,69133.9,Y,27
1486,F,M,2,84948.0,Y,29
1487,F,M,2,30998.8,N,41
1488,M,S,0,15924.2,N,14
1489,M,M,2,21416.5,N,36
1490,M,M,2,78554.2,N,17
1491,F,M,2,38215.9,N,31
1492,F,M,1,14085.5,N,19
1493,F,M,2,49745.3,N,48
1494,F,M,2,88427.0,N,14
1495,F,M,2,98003.7,Y,26
1496,M,S,0,89142.7,N,32
1497,F,S,0,74530.8,N,63
1498,F,S,0,32962.6,N,23
1499,F,M,2,76289.2,N,48
1500,M,M,1,66931.9,N,64
1501,M,M,2,9309.57,Y,25
1502,F,M,1,42000.0,N,24
1503,F,S,0,43000.0,N,24
1504,F,S,0,42000.0,N,23
1505,F,S,2,32098.0,N,22
1506,F,S,0,77726.4,N,57
1507,F,S,2,35000.0,N,19
1508,F,S,1,2800.68,N,46
1509,F,M,2,90271.6,N,45
1510,F,M,2,64816.6,Y,31
1511,F,M,2,98217.1,N,45
1512,F,S,0,15989.3,N,62
1513,M,S,1,84978.1,N,22
1514,F,M,2,36647.9,N,50
1515,F,S,0,64319.2,N,41
1516,F,S,1,73338.0,N,48
1517,F,S,0,433.74,N,61
1518,F,M,2,16962.2,N,45
1519,M,M,2,10708.3,N,26
1520,F,M,0,2031.61,N,20
1521,F,S,2,16938.5,N,46
1522,F,M,0,55221.0,N,48
1523,F,M,1,8073.11,N,53
1524,M,M,0,95448.6,Y,54
1525,M,S,1,24141.5,Y,17
1526,M,S,2,63152.6,Y,63
1527,M,S,2,72084.7,N,56
1528,F,S,0,42760.5,N,62
1529,F,S,1,49072.0,N,41
1530,F,M,0,27371.8,Y,43
1531,M,M,1,71472.9,N,42
1532,F,M,0,95405.7,N,70
1533,F,S,0,95786.8,Y,58
1534,M,S,0,90321.6,N,55
1535,M,S,0,90478.6,N,55
1536,F,M,2,56187.0,N,53
1537,F,S,1,38000.0,N,24
1538,M,M,2,53010.8,N,19
1539,M,M,0,75004.5,N,65
1540,M,M,0,19749.3,N,60
1541,M,S,1,57626.9,Y,44
1542,M,M,2,20078.0,N,33
1543,F,M,2,47902.0,N,26
1544,M,M,1,7545.96,Y,17
1545,M,S,2,89459.9,N,53
1546,F,S,1,37000.0,N,24
1547,M,M,0,9780.66,N,25
1548,M,M,2,53010.8,N,19
1549,M,M,1,75004.5,N,65
1550,M,M,0,19749.3,N,60
1551,M,S,1,57626.9,Y,44
1552,M,M,2,20078.0,N,33
1553,F,M,2,47902.0,N,26
1554,M,M,1,7545.96,Y,17
1555,M,S,2,89459.9,N,53
1556,F,S,1,13576.5,N,39
1557,F,M,2,42031.8,N,51
1558,F,S,1,97689.2,N,59
1559,F,S,1,75397.8,Y,58
1560,F,M,1,49453.8,N,55
1561,M,M,0,92881.8,N,21
1562,M,S,2,43634.5,N,22
1563,F,S,0,68641.5,Y,48
1564,F,M,1,50735.1,Y,36
1565,F,M,1,52490.1,N,19
1566,F,S,1,13109.1,N,63
1567,M,S,1,92647.5,N,56
1568,F,S,2,21021.6,Y,63
1569,M,S,0,74460.7,Y,55
1570,F,M,1,43894.5,N,40
1571,F,S,2,28787.4,N,42
1572,F,S,1,94278.7,Y,53
1573,F,M,0,83900.2,N,45
1574,M,M,1,13091.6,N,59
1575,F,M,0,91708.4,N,37
1576,F,M,2,62061.8,Y,46
1577,F,M,1,20550.9,Y,22
1578,M,M,2,1765.41,N,19
1579,F,S,2,19131.1,N,56
1580,F,S,2,6440.46,Y,61
1581,M,M,2,28766.9,N,47
1582,M,M,2,91272.2,Y,25
1583,F,S,0,73228.3,N,55
1584,M,M,1,64792.3,N,52
1585,F,S,0,93322.1,Y,40
1586,M,M,2,49910.7,Y,52
1587,M,M,0,76161.4,Y,45
1588,F,M,2,55860.0,Y,15
1589,M,M,2,57360.8,Y,53
1590,M,M,0,92414.7,Y,46
1591,F,S,2,14578.8,Y,61
1592,F,M,2,87578.2,Y,53
1593,F,M,2,86695.4,N,14
1594,F,M,0,68000.0,N,45
1595,M,M,1,2067.82,N,48
1596,M,M,2,30665.2,Y,23
1597,F,M,1,80000.0,Y,63
1598,F,M,1,98680.4,Y,59
1599,F,M,2,65619.7,Y,55
1600,F,M,1,95620.3,Y,49
1601,F,D,1,85275.0,N,52
1602,F,M,1,66921.4,Y,42
1603,F,M,1,98453.6,Y,43
1604,F,S,2,57420.0,Y,47
1605,M,M,0,58986.2,N,27
1606,F,M,2,47639.1,N,42
1607,F,S,0,39461.0,N,22
1608,M,M,1,47371.0,Y,55
1609,F,S,0,89813.6,N,13
1610,M,S,1,16432.1,Y,21
1611,F,S,1,540.4,Y,39
1612,F,M,2,80087.7,N,42
1613,F,M,2,59691.3,N,38
1614,F,S,2,11251.1,Y,61
1615,F,S,2,3416.62,Y,23
1616,F,S,0,93454.3,Y,49
1617,M,M,0,5745.0,Y,15
1618,F,M,1,30000.0,N,20
1619,F,M,2,11234.7,Y,49
1620,F,M,1,82931.3,N,65
1621,F,M,2,57483.9,N,44
1622,F,S,2,21274.0,N,46
1623,F,M,2,28267.0,N,30
1624,F,M,2,36725.1,N,56
1625,M,S,1,94188.3,N,58
1626,F,M,2,91861.0,Y,42
1627,F,S,1,12374.9,Y,33
1628,F,M,2,69133.9,Y,27
1629,F,M,2,84948.0,Y,29
1630,F,M,2,30998.8,N,41
1631,M,S,0,15924.2,N,14
1632,M,M,2,21416.5,N,36
1633,M,M,2,78554.2,N,17
1634,F,M,2,38215.9,N,31
1635,F,M,1,14085.5,N,21
1636,F,M,2,49745.3,N,48
1637,F,M,2,88427.0,N,14
1638,F,M,2,98003.7,Y,26
1639,M,S,0,89142.7,N,54
1640,F,S,0,74530.8,N,63
1641,F,S,0,32962.6,N,24
1642,F,M,2,76289.2,N,48
1643,M,M,1,66931.9,N,64
1644,M,S,0,9309.57,Y,25
1645,F,M,1,28000.0,N,23
1646,F,S,0,38000.0,N,24
1647,F,S,0,32962.6,N,21
1648,F,S,2,42000.0,N,22
1649,F,D,1,77726.4,N,57
1650,F,S,2,43000.0,N,23
1651,F,S,1,2800.68,N,46
1652,F,M,2,90271.6,N,45
1653,F,M,2,64816.6,Y,31
1654,F,M,2,98217.1,N,45
1655,F,S,0,15989.3,N,62
1656,M,S,1,84978.1,N,22
1657,F,M,2,36647.9,N,50
1658,F,S,0,64319.2,N,41
1659,F,S,1,73338.0,N,48
1660,F,S,0,433.74,N,61
1661,F,M,2,16962.2,N,45
1662,M,M,2,10708.3,N,26
1663,F,M,0,2031.61,N,20
1664,F,S,2,16938.5,N,48
1665,F,M,0,55221.0,N,62
1666,F,M,1,8073.11,N,41
1667,M,M,0,95448.6,Y,54
1668,M,S,1,24141.5,Y,17
1669,M,S,2,63152.6,Y,63
1670,M,S,2,72084.7,N,56
1671,F,S,0,42760.5,N,43
1672,F,S,1,49072.0,N,46
1673,F,M,0,27371.8,Y,70
1674,M,M,0,71472.9,N,42
1675,F,M,0,95405.7,N,47
1676,F,S,0,95786.8,Y,58
1677,M,S,0,90321.6,N,38
1678,M,S,1,90478.6,N,55
1679,F,M,2,56187.0,N,43
1680,F,S,1,41000.0,N,24
1681,M,M,2,53010.8,N,19
1682,M,M,0,75004.5,N,65
1683,M,M,0,19749.3,N,60
1684,M,S,1,57626.9,Y,44
1685,M,D,1,20078.0,N,33
1686,F,M,2,47902.0,N,26
1687,M,M,1,7545.96,Y,17
1688,M,S,2,89459.9,N,53
1689,F,S,1,13576.5,N,39
1690,F,M,2,42031.8,N,51
1691,M,S,2,43634.5,N,22
1692,F,S,1,13109.1,N,63
1693,M,S,1,92647.5,N,56
1694,F,S,2,21021.6,Y,63
1695,M,S,0,74460.7,Y,55
1696,F,S,2,28787.4,N,42
1697,M,M,1,13091.6,N,59
1698,F,M,2,62061.8,Y,46
1699,F,M,1,20550.9,Y,22
1700,M,S,1,1765.41,N,19
1701,F,S,2,19131.1,N,56
1702,F,S,2,6440.46,Y,52
1703,M,M,2,28766.9,N,47
1704,M,M,2,91272.2,Y,25
1705,F,S,0,73228.3,N,42
1706,M,M,1,64792.3,N,52
1707,F,S,0,93322.1,Y,40
1708,M,M,2,49910.7,Y,52
1709,M,M,0,76161.4,Y,45
1710,F,M,2,55860.0,Y,15
1711,M,M,2,57360.8,Y,53
1712,M,M,1,92414.7,Y,46
1713,F,S,2,14578.8,Y,61
1714,F,M,2,87578.2,Y,53
1715,F,M,2,86695.4,N,14
1716,M,M,1,5306.11,N,39
1717,F,M,0,83287.0,N,44
1718,M,M,1,2067.82,N,48
1719,M,M,2,30665.2,Y,23
1720,F,M,1,78000.0,Y,56
1721,F,M,1,98680.4,Y,59
1722,F,M,2,65619.7,Y,46
1723,M,M,1,95620.3,Y,49
1724,F,S,0,85275.0,N,47
1725,F,M,1,66921.4,Y,43
1726,F,M,1,98453.6,Y,46
1727,F,S,2,57420.0,Y,48
1728,M,M,0,68000.0,N,67
1729,F,M,2,47639.1,N,48
1730,M,M,0,3911.9,N,38
1731,F,S,0,39461.0,N,22
1732,M,M,1,47371.0,Y,55
1733,M,S,1,16432.1,Y,21
1734,F,S,1,540.4,Y,39
1735,F,M,2,80087.7,N,42
1736,F,M,2,59691.3,N,38
1737,F,S,2,11251.1,Y,52
1738,F,S,2,93559.1,N,58
1739,F,S,2,3416.62,Y,23
1740,F,S,0,93454.3,Y,49
1741,M,M,0,5745.0,Y,15
1742,F,M,2,11234.7,Y,49
1743,F,M,1,82931.3,N,65
1744,F,M,2,57483.9,N,44
1745,F,S,2,21274.0,N,46
1746,F,M,2,28267.0,N,30
1747,F,M,2,36725.1,N,56
1748,M,S,1,94188.3,N,58
1749,F,M,2,91861.0,Y,42
1750,F,S,1,12374.9,Y,33
1751,F,M,2,69133.9,Y,27
1752,F,M,2,84948.0,Y,29
1753,F,M,2,30998.8,N,41
1754,M,S,0,15924.2,N,14
1755,M,M,2,21416.5,N,36
1756,M,M,2,78554.2,N,17
1757,F,M,2,38215.9,N,31
1758,F,M,2,49745.3,N,48
1759,F,M,2,88427.0,N,14
1760,F,M,2,98003.7,Y,26
1761,M,S,0,89142.7,N,54
1762,F,S,0,74530.8,N,63
1763,F,M,2,76289.2,N,48
1764,M,M,1,66931.9,N,64
1765,M,M,2,9309.57,Y,25
1766,F,S,0,77726.4,N,57
1767,F,S,1,2800.68,N,46
1768,F,M,2,90271.6,N,45
1769,F,M,2,64816.6,Y,31
1770,F,M,2,98217.1,N,45
1771,F,S,0,15989.3,N,62
1772,M,S,1,84978.1,N,22
1773,F,M,2,36647.9,N,50
1774,F,S,0,64319.2,N,41
1775,F,S,1,73338.0,N,48
1776,F,S,0,433.74,N,61
1777,F,M,2,16962.2,N,45
1778,M,M,2,10708.3,N,26
1779,F,M,0,2031.61,N,20
1780,F,S,2,16938.5,N,53
1781,F,M,0,55221.0,N,41
1782,F,M,1,8073.11,N,43
1783,M,M,1,95448.6,Y,54
1784,M,S,1,24141.5,Y,17
1785,M,S,2,63152.6,Y,63
1786,M,S,2,72084.7,N,56
1787,F,S,0,42760.5,N,46
1788,F,S,1,49072.0,N,70
1789,F,M,0,27371.8,Y,61
1790,M,M,0,71472.9,N,42
1791,M,M,0,95405.7,N,47
1792,M,S,0,95786.8,Y,58
1793,M,S,0,90321.6,N,39
1794,M,D,1,90478.6,N,55
1795,F,M,2,56187.0,N,41
1796,F,S,1,42000.0,N,24
1797,M,M,0,9780.66,N,25
1798,M,M,2,53010.8,N,19
1799,M,M,2,75004.5,N,65
1800,M,M,0,19749.3,N,60
1801,M,S,1,57626.9,Y,44
1802,M,D,0,20078.0,N,33
1803,F,M,2,47902.0,N,26
1804,M,M,1,7545.96,Y,17
1805,M,S,2,89459.9,N,53
1806,F,S,1,13576.5,N,39
1807,F,M,2,42031.8,N,51
1808,M,S,2,43634.5,N,22
1809,F,S,1,13109.1,N,63
1810,M,S,1,92647.5,N,56
1811,F,S,2,21021.6,Y,63
1812,M,S,0,74460.7,Y,55
1813,F,S,2,28787.4,N,42
1814,M,M,1,13091.6,N,59
1815,F,M,2,62061.8,Y,46
1816,F,M,1,20550.9,Y,22
1817,M,M,2,1765.41,N,19
1818,F,S,2,19131.1,N,56
1819,F,S,2,6440.46,Y,42
1820,M,M,2,28766.9,N,47
1821,M,M,2,91272.2,Y,25
1822,F,S,0,73228.3,N,43
1823,M,M,1,64792.3,N,52
1824,F,S,0,93322.1,Y,40
1825,M,M,2,49910.7,Y,52
1826,M,M,0,76161.4,Y,45
1827,F,M,2,55860.0,Y,15
1828,M,M,2,57360.8,Y,53
1829,M,M,1,92414.7,Y,46
1830,F,S,2,14578.8,Y,61
1831,F,M,2,87578.2,Y,53
1832,F,M,2,86695.4,N,14
1833,M,M,1,5306.11,N,39
1834,F,M,0,83287.0,N,59
1835,M,M,1,2067.82,N,48
1836,M,M,2,30665.2,Y,23
1837,F,M,1,83287.0,Y,49
1838,M,M,1,98680.4,Y,59
1839,F,M,2,65619.7,Y,53
1840,M,M,1,95620.3,Y,49
1841,F,D,1,85275.0,N,62
1842,F,M,1,66921.4,Y,47
1843,F,M,1,98453.6,Y,48
1844,F,S,2,57420.0,Y,62
1845,M,M,0,66000.0,N,41
1846,F,M,2,47639.1,N,41
1847,F,S,0,39461.0,N,22
1848,M,M,1,47371.0,Y,55
1849,F,S,0,89813.6,N,13
1850,M,S,1,16432.1,Y,21
1851,F,S,1,540.4,Y,39
1852,F,M,2,80087.7,N,42
1853,F,M,2,59691.3,N,38
1854,F,S,2,11251.1,Y,62
1855,F,S,2,93559.1,N,58
1856,F,S,2,3416.62,Y,23
1857,F,S,1,93454.3,Y,49
1858,M,M,0,5745.0,Y,15
1859,F,M,2,11234.7,Y,49
1860,F,M,1,82931.3,N,65
1861,F,M,2,57483.9,N,44
1862,F,S,2,21274.0,N,46
1863,F,M,2,28267.0,N,30
1864,F,M,2,36725.1,N,56
1865,M,S,1,94188.3,N,58
1866,F,M,2,91861.0,Y,42
1867,F,S,1,12374.9,Y,33
1868,F,M,2,69133.9,Y,27
1869,F,M,2,84948.0,Y,29
1870,F,M,2,30998.8,N,41
1871,M,S,0,21416.5,N,36
1872,M,M,2,78554.2,N,17
1873,F,M,2,38215.9,N,31
1874,F,M,2,49745.3,N,48
1875,F,M,2,88427.0,N,14
1876,F,M,2,98003.7,Y,26
1877,M,S,0,89142.7,N,54
1878,F,S,0,74530.8,N,63
1879,F,M,2,76289.2,N,48
1880,M,M,1,66931.9,N,64
1881,F,M,2,9309.57,Y,25
1882,F,S,0,77726.4,N,57
1883,F,S,1,2800.68,N,46
1884,F,M,2,90271.6,N,45
1885,F,M,2,64816.6,Y,31
1886,F,M,2,98217.1,N,45
1887,F,S,0,15989.3,N,62
1888,M,S,1,84978.1,N,22
1889,F,M,2,36647.9,N,50
1890,F,S,0,64319.2,N,41
1891,F,S,1,73338.0,N,48
1892,F,S,0,433.74,N,61
1893,F,M,2,16962.2,N,45
1894,M,M,2,10708.3,N,26
1895,F,M,0,2031.61,N,20
1896,F,S,2,16938.5,N,41
1897,F,M,0,55221.0,N,46
1898,F,M,1,8073.11,N,70
1899,M,M,1,95448.6,Y,54
1900,M,S,1,24141.5,Y,17
1901,M,S,2,63152.6,Y,63
1902,M,S,2,72084.7,N,56
1903,F,S,0,42760.5,N,61
1904,F,S,1,49072.0,N,55
1905,F,M,0,27371.8,Y,52
1906,M,M,1,71472.9,N,42
1907,M,M,0,95405.7,N,47
1908,M,S,0,95786.8,Y,58
1909,M,S,0,90321.6,N,55
1910,M,S,1,90478.6,N,55
1911,F,M,2,56187.0,N,43
1912,F,S,1,35089.0,N,24
1913,M,M,2,53010.8,N,19
1914,M,M,1,75004.5,N,65
1915,M,M,0,19749.3,N,60
1916,M,S,1,57626.9,Y,44
1917,M,S,0,20078.0,N,33
1918,F,M,2,47902.0,N,26
1919,M,M,1,7545.96,Y,17
1920,M,S,2,89459.9,N,53
1921,F,S,1,13576.5,N,39
1922,F,M,2,42031.8,N,51
1923,M,S,2,43634.5,N,22
1924,F,S,1,13109.1,N,63
1925,M,S,1,92647.5,N,56
1926,F,S,2,21021.6,Y,63
1927,M,S,0,74460.7,Y,55
1928,F,S,2,28787.4,N,42
1929,M,M,1,13091.6,N,59
1930,F,M,2,62061.8,Y,46
1931,F,M,1,20550.9,Y,22
1932,M,M,2,1765.41,N,19
1933,F,S,2,19131.1,N,56
1934,F,S,2,6440.46,Y,41
1935,M,S,0,28766.9,N,47
1936,M,M,2,91272.2,Y,25
1937,F,S,0,73228.3,N,43
1938,M,M,1,64792.3,N,52
1939,F,S,0,93322.1,Y,40
1940,M,M,2,49910.7,Y,52
1941,M,M,1,76161.4,Y,45
1942,F,M,2,55860.0,Y,15
1943,M,M,2,57360.8,Y,53
1944,M,M,0,92414.7,Y,46
1945,F,S,2,14578.8,Y,61
1946,F,M,2,87578.2,Y,53
1947,F,M,2,86695.4,N,14
1948,F,M,0,77000.0,N,47
1949,M,M,1,2067.82,N,48
1950,F,M,2,30665.2,Y,23
1951,F,M,1,83287.0,Y,46
1952,M,M,1,98680.4,Y,59
1953,F,M,2,65619.7,Y,46
1954,M,M,1,95620.3,Y,49
1955,F,S,0,85275.0,N,70
1956,F,M,1,66921.4,Y,70
1957,F,M,1,98453.6,Y,61
1958,F,S,2,57420.0,Y,52
1959,M,M,0,70000.0,N,42
1960,F,M,2,47639.1,N,61
1961,F,S,0,39461.0,N,22
1962,M,M,1,47371.0,Y,55
1963,M,S,1,16432.1,Y,21
1964,F,M,2,67388.0,N,53
1965,F,M,2,84166.1,N,54
1966,F,S,1,540.4,Y,39
1967,M,M,2,59613.1,N,34
1968,F,M,2,80087.7,N,42
1969,F,M,2,59691.3,N,38
1970,F,S,2,11251.1,Y,43
1971,M,M,2,45429.7,Y,62
1972,M,M,1,67388.0,N,53
1973,M,M,1,84166.1,N,54
1974,F,S,2,93559.1,N,58
1975,F,S,2,3416.62,Y,23
1976,F,D,1,93454.3,Y,49
1977,M,M,0,5745.0,Y,15
1978,M,M,2,59613.1,N,34
1979,M,M,2,45429.7,Y,62
1980,M,M,1,67388.0,N,53
1981,M,M,0,84166.1,N,54
1982,M,S,2,60095.2,Y,23
1983,F,M,2,11234.7,Y,49
1984,F,M,1,82931.3,N,65
1985,F,M,2,57483.9,N,44
1986,M,M,2,59613.1,N,34
1987,F,S,2,21274.0,N,46
1988,F,M,2,28267.0,N,30
1989,M,M,2,45429.7,Y,62
1990,F,M,2,36725.1,N,56
1991,M,M,0,67388.0,N,53
1992,M,M,0,84166.1,N,54
1993,M,M,0,67388.0,N,53
1994,M,S,1,94188.3,N,58
1995,M,D,1,84166.1,N,33
1996,M,M,2,59613.1,N,34
1997,F,M,2,91861.0,Y,42
1998,M,M,2,45429.7,Y,62
1999,M,M,1,67388.0,N,53
2000,F,S,1,12374.9,Y,33
2001,F,M,2,69133.9,Y,27
2002,M,M,0,84166.1,N,54
2003,F,M,2,84948.0,Y,29
2004,F,M,2,30998.8,N,41
2005,M,M,2,59613.1,N,34
2006,M,M,2,45429.7,Y,62
2007,M,M,0,67388.0,N,53
2008,M,M,0,84166.1,N,54
2009,M,M,2,59613.1,N,34
2010,M,M,2,21416.5,N,36
2011,M,M,2,45429.7,Y,62
2012,M,M,1,67388.0,N,53
2013,M,M,1,84166.1,N,54
2014,M,S,1,78554.2,N,17
2015,F,M,2,38215.9,N,31
2016,F,M,2,49745.3,N,48
2017,M,M,2,59613.1,N,34
2018,F,M,2,88427.0,N,14
2019,F,M,2,98003.7,Y,26
2020,M,S,0,89142.7,N,54
2021,F,S,0,74530.8,N,63
2022,F,M,2,76289.2,N,48
2023,M,M,1,66931.9,N,64
2024,F,M,2,9309.57,Y,25
2025,F,S,0,77726.4,N,57
2026,F,S,1,2800.68,N,46
2027,F,M,2,90271.6,N,45
2028,F,M,2,64816.6,Y,31
2029,F,M,2,98217.1,N,45
2030,F,S,0,15989.3,N,62
2031,M,S,1,84978.1,N,22
2032,F,M,2,36647.9,N,50
2033,F,S,0,64319.2,N,41
2034,F,S,1,73338.0,N,48
2035,F,S,0,433.74,N,61
2036,F,M,2,16962.2,N,45
2037,M,M,2,10708.3,N,26
2038,F,M,0,2031.61,N,20
2039,F,S,2,16938.5,N,42
2040,F,M,0,55221.0,N,46
2041,F,M,1,8073.11,N,47
2042,M,M,1,95448.6,Y,54
2043,M,S,1,24141.5,Y,17
2044,M,S,2,63152.6,Y,63
2045,M,S,2,72084.7,N,56
2046,F,S,0,42760.5,N,48
2047,F,S,1,49072.0,N,53
2048,F,M,0,27371.8,Y,62
2049,M,M,0,71472.9,N,42
2050,M,M,0,95405.7,N,47
2051,M,S,0,95786.8,Y,58
2052,M,S,0,90321.6,N,28
2053,M,D,0,90478.6,N,55
2054,F,M,2,56187.0,N,43
2055,M,M,1,28313.1,N,21
2056,M,M,2,29616.0,N,49
2057,M,M,0,19732.8,N,51
2058,M,S,1,41690.5,Y,15
2059,M,S,2,96.33,N,56
2060,F,M,2,52004.8,N,25
2061,F,S,0,78851.3,N,48
2062,F,S,1,17540.7,Y,63
2063,F,M,0,83891.9,Y,61
2064,F,M,2,28220.8,N,39
2065,F,S,0,28589.1,N,16
