{
  "name": "New dashboard",
  "layout": {
    "id": "page0",
    "items": [
      {
        "id": "page1",
        "items": [
          {
            "id": "page2",
            "css": "templateBox aspectRatio_default",
            "items": [
              {
                "id": "page3",
                "style": {
                  "top": "0%",
                  "left": "0%",
                  "right": "50%",
                  "bottom": "75%"
                },
                "type": "templateDropZone",
                "templateName": "dz1",
                "relatedLayouts": "|model0000016645ff20ee_00000003|"
              },
              {
                "id": "page4",
                "css": "noBorderLeft",
                "style": {
                  "top": "0%",
                  "left": "50%",
                  "right": "0%",
                  "bottom": "75%"
                },
                "type": "templateDropZone",
                "templateName": "dz3",
                "relatedLayouts": "|model0000016645ff54d2_00000003|"
              },
              {
                "id": "page5",
                "css": "noBorderTop",
                "style": {
                  "top": "25%",
                  "left": "0%",
                  "right": "0%",
                  "bottom": "0%"
                },
                "type": "templateDropZone",
                "templateName": "dz2"
              },
              {
                "id": "model0000016645ff54d2_00000003",
                "style": {
                  "top": "0.2183406113537118%",
                  "left": "50%",
                  "height": "24.45414847161572%",
                  "width": "49.87980769230769%"
                },
                "type": "widget",
                "relatedLayouts": "page4"
              },
              {
                "id": "model0000016645ff20ee_00000003",
                "style": {
                  "left": "0.1201923076923077%",
                  "top": "0.2183406113537118%",
                  "height": "24.45414847161572%",
                  "width": "49.75961538461539%"
                },
                "type": "widget",
                "relatedLayouts": "page3"
              },
              {
                "id": "model0000016645ff75a6_00000000",
                "style": {
                  "left": "0.09871668311944719%",
                  "top": "24.416517055655298%",
                  "height": "49.91023339317774%",
                  "width": "49.75320829220138%"
                },
                "type": "widget",
                "relatedLayouts": ""
              },
              {
                "id": "model0000016646493765_00000000",
                "style": {
                  "left": "49.85192497532083%",
                  "top": "24.95511669658887%",
                  "height": "51.34649910233393%",
                  "width": "50.049358341559724%"
                },
                "type": "widget",
                "relatedLayouts": ""
              },
              {
                "id": "model00000166464efcaf_00000000",
                "style": {
                  "left": "1.1846001974333662%",
                  "top": "76.3016157989228%",
                  "height": "68.2226211849192%",
                  "width": "99.70384995064165%"
                },
                "type": "widget",
                "relatedLayouts": ""
              }
            ],
            "type": "scalingAbsolute"
          }
        ],
        "type": "container",
        "title": {
          "translationTable": {
            "Default": "Risk Demographics"
          }
        },
        "templateName": "Template3"
      },
      {
        "id": "model0000016646546647_00000000",
        "items": [
          {
            "id": "model000001664656200f_00000002",
            "style": {
              "left": "67px",
              "top": "31px",
              "height": "110px",
              "width": "344px"
            },
            "type": "widget"
          },
          {
            "id": "model0000016646566825_00000003",
            "style": {
              "left": "699px",
              "top": "32px",
              "height": "110px",
              "width": "360px"
            },
            "type": "widget"
          },
          {
            "id": "model0000016646576312_00000004",
            "style": {
              "left": "67px",
              "top": "256px",
              "height": "420px",
              "width": "500px"
            },
            "type": "widget"
          },
          {
            "id": "model0000016646588a4e_00000001",
            "style": {
              "left": "699px",
              "top": "256px",
              "height": "420px",
              "width": "500px"
            },
            "type": "widget"
          }
        ],
        "type": "absolute",
        "title": {
          "translationTable": {
            "Default": "Tab 1"
          }
        },
        "templateName": "NoTemplate"
      }
    ],
    "style": {
      "height": "100%"
    },
    "type": "tab"
  },
  "theme": "defaultTheme",
  "version": 1008,
  "eventGroups": [
    {
      "id": "page1:1",
      "widgetIds": [
        "model0000016645ff20ee_00000003",
        "model0000016645ff54d2_00000003",
        "model0000016645ff75a6_00000000",
        "model0000016646493765_00000000",
        "model00000166464efcaf_00000000"
      ]
    },
    {
      "id": "model0000016646546647_00000000:1",
      "widgetIds": [
        "model000001664656200f_00000002",
        "model0000016646566825_00000003",
        "model0000016646576312_00000004",
        "model0000016646588a4e_00000001"
      ]
    }
  ],
  "properties": {
    "defaultLocale": "Default"
  },
  "dataSources": {
    "version": "1.0",
    "sources": [
      {
        "id": "model0000016645f984ae_00000000",
        "assetId": "assetId0000016645f984ad_00000000",
        "clientId": "CustomerMerged",
        "module": {
          "identifier": "MERGED_DEMOGRAPHICS_TRADING_CUSTOMER",
          "label": "MERGED_DEMOGRAPHICS_TRADING_CUSTOMER",
          "source": {
            "id": "MERGED_DEMOGRAPHICS_TRADING_CUSTOMER",
            "jdbc": {
              "connectionProperties": "",
              "driverClassName": "com.ibm.db2.jcc.DB2Driver",
              "jdbcUrl": "jdbc:db2://db2whsmp-1538416690.zen.svc.cluster.local:50000/BLUDB",
              "schema": "DB2INST1"
            },
            "password": "password",
            "user": "db2psc"
          },
          "table": {
            "column": [
              {
                "datatype": "FLOAT",
                "description": "ID",
                "label": "ID",
                "name": "ID",
                "nullable": "true",
                "regularAggregate": "none",
                "usage": "fact"
              },
              {
                "datatype": "CHAR",
                "description": "GENDER",
                "label": "GENDER",
                "name": "GENDER",
                "nullable": "true",
                "regularAggregate": "none",
                "usage": "attribute"
              },
              {
                "datatype": "CHAR",
                "description": "STATUS",
                "label": "STATUS",
                "name": "STATUS",
                "nullable": "true",
                "regularAggregate": "none",
                "usage": "attribute"
              },
              {
                "datatype": "FLOAT",
                "description": "CHILDREN",
                "label": "CHILDREN",
                "name": "CHILDREN",
                "nullable": "true",
                "regularAggregate": "none",
                "usage": "fact"
              },
              {
                "datatype": "FLOAT",
                "description": "ESTINCOME",
                "label": "ESTINCOME",
                "name": "ESTINCOME",
                "nullable": "true",
                "regularAggregate": "none",
                "usage": "fact"
              },
              {
                "datatype": "CHAR",
                "description": "HOMEOWNER",
                "label": "HOMEOWNER",
                "name": "HOMEOWNER",
                "nullable": "true",
                "regularAggregate": "none",
                "usage": "attribute"
              },
              {
                "datatype": "FLOAT",
                "description": "AGE",
                "label": "AGE",
                "name": "AGE",
                "nullable": "true",
                "regularAggregate": "none",
                "usage": "fact"
              },
              {
                "datatype": "FLOAT",
                "description": "TOTALDOLLARVALUETRADED",
                "label": "TOTALDOLLARVALUETRADED",
                "name": "TOTALDOLLARVALUETRADED",
                "nullable": "true",
                "regularAggregate": "none",
                "usage": "fact"
              },
              {
                "datatype": "FLOAT",
                "description": "TOTALUNITSTRADED",
                "label": "TOTALUNITSTRADED",
                "name": "TOTALUNITSTRADED",
                "nullable": "true",
                "regularAggregate": "none",
                "usage": "fact"
              },
              {
                "datatype": "FLOAT",
                "description": "LARGESTSINGLETRANSACTION",
                "label": "LARGESTSINGLETRANSACTION",
                "name": "LARGESTSINGLETRANSACTION",
                "nullable": "true",
                "regularAggregate": "none",
                "usage": "fact"
              },
              {
                "datatype": "FLOAT",
                "description": "SMALLESTSINGLETRANSACTION",
                "label": "SMALLESTSINGLETRANSACTION",
                "name": "SMALLESTSINGLETRANSACTION",
                "nullable": "true",
                "regularAggregate": "none",
                "usage": "fact"
              },
              {
                "datatype": "FLOAT",
                "description": "PERCENTCHANGECALCULATION",
                "label": "PERCENTCHANGECALCULATION",
                "name": "PERCENTCHANGECALCULATION",
                "nullable": "true",
                "regularAggregate": "none",
                "usage": "fact"
              },
              {
                "datatype": "FLOAT",
                "description": "DAYSSINCELASTLOGIN",
                "label": "DAYSSINCELASTLOGIN",
                "name": "DAYSSINCELASTLOGIN",
                "nullable": "true",
                "regularAggregate": "none",
                "usage": "fact"
              },
              {
                "datatype": "FLOAT",
                "description": "DAYSSINCELASTTRADE",
                "label": "DAYSSINCELASTTRADE",
                "name": "DAYSSINCELASTTRADE",
                "nullable": "true",
                "regularAggregate": "none",
                "usage": "fact"
              },
              {
                "datatype": "FLOAT",
                "description": "NETREALIZEDGAINS_YTD",
                "label": "NETREALIZEDGAINS_YTD",
                "name": "NETREALIZEDGAINS_YTD",
                "nullable": "true",
                "regularAggregate": "none",
                "usage": "fact"
              },
              {
                "datatype": "FLOAT",
                "description": "NETREALIZEDLOSSES_YTD",
                "label": "NETREALIZEDLOSSES_YTD",
                "name": "NETREALIZEDLOSSES_YTD",
                "nullable": "true",
                "regularAggregate": "none",
                "usage": "fact"
              },
              {
                "datatype": "CHAR",
                "description": "CHURNRISK",
                "label": "CHURNRISK",
                "name": "CHURNRISK",
                "nullable": "true",
                "regularAggregate": "none",
                "usage": "attribute"
              }
            ],
            "name": "MERGED_DEMOGRAPHICS_TRADING_CUSTOMER"
          },
          "xsd": "https://ibm.com/daas/module/1.0/module.xsd"
        },
        "name": "CustomerMerged",
        "shaping": {
          "shapingId": "shaping0000016645fecd38_00000000",
          "embeddedModuleUpToDate": false,
          "moserJSON": {
            "version": "5.0",
            "container": "C",
            "useSpec": [
              {
                "identifier": "ES",
                "type": "url",
                "storeID": "baseModule",
                "imports": "*"
              }
            ],
            "expressionLocale": "en-us",
            "querySubject": [
              {
                "ref": [
                  "ES.MERGED_DEMOGRAPHICS_TRADING_CUSTOMER"
                ],
                "instanceType": "reference",
                "item": [
                  {
                    "queryItem": {
                      "usage": "identifier",
                      "regularAggregate": "count",
                      "identifier": "ID",
                      "property": [
                        {
                          "name": "propertySetByUser_165",
                          "value": "true"
                        },
                        {
                          "name": "propertySetByUser_170",
                          "value": "true"
                        }
                      ]
                    }
                  },
                  {
                    "queryItem": {
                      "usage": "attribute",
                      "identifier": "CHILDREN",
                      "property": [
                        {
                          "name": "propertySetByUser_165",
                          "value": "true"
                        }
                      ]
                    }
                  },
                  {
                    "queryItem": {
                      "usage": "attribute",
                      "identifier": "AGE",
                      "property": [
                        {
                          "name": "propertySetByUser_165",
                          "value": "true"
                        }
                      ]
                    }
                  },
                  {
                    "queryItem": {
                      "regularAggregate": "total",
                      "identifier": "TOTALDOLLARVALUETRADED",
                      "property": [
                        {
                          "name": "propertySetByUser_170",
                          "value": "true"
                        }
                      ]
                    }
                  },
                  {
                    "queryItem": {
                      "regularAggregate": "total",
                      "identifier": "TOTALUNITSTRADED",
                      "property": [
                        {
                          "name": "propertySetByUser_170",
                          "value": "true"
                        }
                      ]
                    }
                  }
                ],
                "identifier": "MERGED_DEMOGRAPHICS_TRADING_CUSTOMER"
              }
            ],
            "dataRetrievalMode": "liveConnection",
            "identifier": "newModel",
            "label": "newModel"
          }
        }
      }
    ]
  },
  "pageContext": [
    {
      "origin": "filter",
      "table": "",
      "alias": "0",
      "sourceId": "model0000016645f984ae_00000000",
      "scope": "page1",
      "hierarchyNames": [
        "CHURNRISK"
      ],
      "hierarchyUniqueNames": [
        "MERGED_DEMOGRAPHICS_TRADING_CUSTOMER.CHURNRISK"
      ],
      "exclude": false,
      "isNamedSet": false,
      "tupleSet": "{\"MERGED_DEMOGRAPHICS_TRADING_CUSTOMER.CHURNRISK->[High]\":{\"u\":\"MERGED_DEMOGRAPHICS_TRADING_CUSTOMER.CHURNRISK->[High]\",\"d\":\"High\"}}"
    },
    {
      "origin": "filter",
      "table": "",
      "alias": "0",
      "sourceId": "model0000016645f984ae_00000000",
      "scope": "model0000016646546647_00000000",
      "hierarchyNames": [
        "CHURNRISK"
      ],
      "hierarchyUniqueNames": [
        "MERGED_DEMOGRAPHICS_TRADING_CUSTOMER.CHURNRISK"
      ],
      "exclude": false,
      "isNamedSet": false,
      "tupleSet": "{\"MERGED_DEMOGRAPHICS_TRADING_CUSTOMER.CHURNRISK->[High]\":{\"u\":\"MERGED_DEMOGRAPHICS_TRADING_CUSTOMER.CHURNRISK->[High]\",\"d\":\"High\"}}"
    },
    {
      "origin": "filter",
      "table": "",
      "alias": "0",
      "sourceId": "model0000016645f984ae_00000000",
      "scope": "model0000016646546647_00000000",
      "hierarchyNames": [
        "GENDER"
      ],
      "hierarchyUniqueNames": [
        "MERGED_DEMOGRAPHICS_TRADING_CUSTOMER.GENDER"
      ],
      "exclude": false,
      "isNamedSet": false,
      "tupleSet": "{\"MERGED_DEMOGRAPHICS_TRADING_CUSTOMER.GENDER->[F]\":{\"u\":\"MERGED_DEMOGRAPHICS_TRADING_CUSTOMER.GENDER->[F]\",\"d\":\"F\"}}"
    },
    {
      "origin": "filter",
      "table": "",
      "alias": "0",
      "sourceId": "model0000016645f984ae_00000000",
      "scope": "model0000016646546647_00000000",
      "hierarchyNames": [
        "CHILDREN"
      ],
      "hierarchyUniqueNames": [
        "MERGED_DEMOGRAPHICS_TRADING_CUSTOMER.CHILDREN"
      ],
      "exclude": false,
      "isNamedSet": false,
      "tupleSet": "{\"2\":{\"u\":2,\"d\":2}}"
    },
    {
      "origin": "filter",
      "table": "",
      "alias": "0",
      "sourceId": "model0000016645f984ae_00000000",
      "conditions": [
        {
          "from": [
            1
          ],
          "to": [
            20
          ],
          "attributeUniqueNames": [
            "MERGED_DEMOGRAPHICS_TRADING_CUSTOMER.DAYSSINCELASTTRADE"
          ]
        }
      ],
      "scope": "model0000016646546647_00000000",
      "hierarchyNames": [
        "DAYSSINCELASTTRADE"
      ],
      "hierarchyUniqueNames": [
        "MERGED_DEMOGRAPHICS_TRADING_CUSTOMER.DAYSSINCELASTTRADE"
      ],
      "isNamedSet": false
    }
  ],
  "drillThrough": [],
  "widgets": {
    "model0000016645ff20ee_00000003": {
      "id": "model0000016645ff20ee_00000003",
      "data": {
        "dataViews": [
          {
            "modelRef": "model0000016645f984ae_00000000",
            "dataItems": [
              {
                "id": "model0000016645ff20ee_00000000",
                "itemId": "MERGED_DEMOGRAPHICS_TRADING_CUSTOMER.TOTALUNITSTRADED",
                "itemLabel": "TOTALUNITSTRADED"
              }
            ],
            "id": "model0000016645ff20ee_00000001"
          }
        ]
      },
      "slotmapping": {
        "slots": [
          {
            "name": "values",
            "dataItems": [
              "model0000016645ff20ee_00000000"
            ],
            "dataItemSettings": [],
            "caption": "Value",
            "id": "values",
            "layerId": "data"
          }
        ]
      },
      "type": "live",
      "name": {
        "translationTable": {}
      },
      "visId": "summary"
    },
    "model0000016645ff54d2_00000003": {
      "id": "model0000016645ff54d2_00000003",
      "data": {
        "dataViews": [
          {
            "modelRef": "model0000016645f984ae_00000000",
            "dataItems": [
              {
                "id": "model0000016645ff54d2_00000000",
                "itemId": "MERGED_DEMOGRAPHICS_TRADING_CUSTOMER.TOTALDOLLARVALUETRADED",
                "itemLabel": "TOTALDOLLARVALUETRADED",
                "format": {
                  "id": "abbrev",
                  "localizedString": "Abbreviate",
                  "formatSpec": {
                    "decimalFormatLength": "short",
                    "selectedFormat": "abbrev"
                  }
                }
              }
            ],
            "id": "model0000016645ff54d2_00000001"
          }
        ]
      },
      "slotmapping": {
        "slots": [
          {
            "name": "values",
            "dataItems": [
              "model0000016645ff54d2_00000000"
            ],
            "dataItemSettings": [],
            "caption": "Value",
            "id": "values",
            "layerId": "data"
          }
        ]
      },
      "type": "live",
      "name": {
        "translationTable": {}
      },
      "visId": "summary"
    },
    "model0000016645ff75a6_00000000": {
      "id": "model0000016645ff75a6_00000000",
      "data": {
        "dataViews": [
          {
            "modelRef": "model0000016645f984ae_00000000",
            "dataItems": [
              {
                "id": "model0000016645ff75a5_00000000",
                "itemId": "MERGED_DEMOGRAPHICS_TRADING_CUSTOMER.ID",
                "itemLabel": "ID"
              },
              {
                "id": "model0000016645ff75a5_00000001",
                "itemId": "MERGED_DEMOGRAPHICS_TRADING_CUSTOMER.GENDER",
                "itemLabel": "GENDER"
              }
            ],
            "id": "model0000016645ff75a5_00000002"
          }
        ]
      },
      "visTypeLocked": true,
      "slotmapping": {
        "slots": [
          {
            "name": "categories",
            "dataItems": [
              "model0000016645ff75a5_00000001"
            ],
            "dataItemSettings": [],
            "caption": "Segments",
            "id": "categories",
            "layerId": "data"
          },
          {
            "name": "values",
            "dataItems": [
              "model0000016645ff75a5_00000000"
            ],
            "caption": "Size",
            "id": "values",
            "layerId": "data"
          }
        ]
      },
      "type": "live",
      "name": {
        "translationTable": {}
      },
      "visId": "com.ibm.vis.rave2bundlepie"
    },
    "model0000016646493765_00000000": {
      "id": "model0000016646493765_00000000",
      "data": {
        "dataViews": [
          {
            "modelRef": "model0000016645f984ae_00000000",
            "dataItems": [
              {
                "id": "model0000016646496ec2_00000000",
                "itemId": "MERGED_DEMOGRAPHICS_TRADING_CUSTOMER.STATUS",
                "itemLabel": "STATUS"
              },
              {
                "id": "model0000016646497668_00000000",
                "itemId": "MERGED_DEMOGRAPHICS_TRADING_CUSTOMER.TOTALDOLLARVALUETRADED",
                "itemLabel": "TOTALDOLLARVALUETRADED"
              },
              {
                "id": "model00000166464980ff_00000000",
                "itemId": "MERGED_DEMOGRAPHICS_TRADING_CUSTOMER.TOTALUNITSTRADED",
                "itemLabel": "TOTALUNITSTRADED"
              },
              {
                "id": "model0000016646498b69_00000000",
                "itemId": "MERGED_DEMOGRAPHICS_TRADING_CUSTOMER.GENDER",
                "itemLabel": "GENDER"
              }
            ],
            "id": "model0000016646496ec1_00000000"
          }
        ]
      },
      "visTypeLocked": true,
      "slotmapping": {
        "slots": [
          {
            "name": "categories",
            "dataItems": [
              "model0000016646496ec2_00000000"
            ],
            "dataItemSettings": [],
            "caption": "x-axis",
            "id": "categories"
          },
          {
            "name": "columnValue",
            "dataItems": [
              "model0000016646497668_00000000"
            ],
            "caption": "Length",
            "id": "columnValue"
          },
          {
            "name": "lineValue",
            "dataItems": [
              "model00000166464980ff_00000000"
            ],
            "caption": "Line position",
            "id": "lineValue"
          },
          {
            "name": "repeatHorizontal",
            "dataItems": [
              "model0000016646498b69_00000000"
            ],
            "caption": "Repeat (column)",
            "id": "repeatHorizontal"
          }
        ]
      },
      "type": "live",
      "visId": "com.ibm.vis.rave2bundlecomposite",
      "name": {
        "translationTable": {
          "Default": "Risk by Marital Status, Gender and Trade Value"
        }
      },
      "showTitle": true
    },
    "model00000166464efcaf_00000000": {
      "id": "model00000166464efcaf_00000000",
      "data": {
        "dataViews": [
          {
            "modelRef": "model0000016645f984ae_00000000",
            "dataItems": [
              {
                "id": "model00000166464f4047_00000001",
                "itemId": "MERGED_DEMOGRAPHICS_TRADING_CUSTOMER.STATUS",
                "itemLabel": "STATUS"
              },
              {
                "id": "model00000166464f4dd9_00000000",
                "itemId": "MERGED_DEMOGRAPHICS_TRADING_CUSTOMER.GENDER",
                "itemLabel": "GENDER"
              },
              {
                "id": "model00000166464f5919_00000000",
                "itemId": "MERGED_DEMOGRAPHICS_TRADING_CUSTOMER.CHILDREN",
                "itemLabel": "CHILDREN"
              },
              {
                "id": "model00000166464f66e3_00000000",
                "itemId": "MERGED_DEMOGRAPHICS_TRADING_CUSTOMER.AGE",
                "itemLabel": "AGE",
                "selection": [
                  {
                    "operation": "order",
                    "sort": {
                      "type": "asc",
                      "priority": 0,
                      "by": "caption"
                    }
                  }
                ]
              },
              {
                "id": "model00000166464f733e_00000000",
                "itemId": "MERGED_DEMOGRAPHICS_TRADING_CUSTOMER.CHURNRISK",
                "itemLabel": "CHURNRISK"
              }
            ],
            "id": "model00000166464f4047_00000000"
          }
        ]
      },
      "visTypeLocked": true,
      "slotmapping": {
        "slots": [
          {
            "name": "categories",
            "dataItems": [
              "model00000166464f4047_00000001",
              "model00000166464f4dd9_00000000",
              "model00000166464f5919_00000000"
            ],
            "dataItemSettings": [],
            "caption": "Rows",
            "id": "categories"
          },
          {
            "name": "series",
            "dataItems": [
              "model00000166464f66e3_00000000"
            ],
            "caption": "Columns",
            "id": "series"
          },
          {
            "name": "color",
            "dataItems": [
              "model00000166464f733e_00000000"
            ],
            "caption": "Heat",
            "id": "color"
          }
        ]
      },
      "type": "live",
      "visId": "com.ibm.vis.rave2heat",
      "name": {
        "translationTable": {}
      },
      "properties": [
        {
          "id": "axis.x.alignment",
          "value": "bottom"
        }
      ]
    },
    "model000001664656200f_00000002": {
      "id": "model000001664656200f_00000002",
      "data": {
        "dataViews": [
          {
            "modelRef": "model0000016645f984ae_00000000",
            "dataItems": [
              {
                "id": "model000001664656200e_00000000",
                "itemId": "MERGED_DEMOGRAPHICS_TRADING_CUSTOMER.TOTALDOLLARVALUETRADED",
                "itemLabel": "TOTALDOLLARVALUETRADED"
              }
            ],
            "id": "model000001664656200f_00000000"
          }
        ]
      },
      "slotmapping": {
        "slots": [
          {
            "name": "values",
            "dataItems": [
              "model000001664656200e_00000000"
            ],
            "dataItemSettings": [],
            "caption": "Value",
            "id": "values",
            "layerId": "data"
          }
        ]
      },
      "type": "live",
      "name": {
        "translationTable": {}
      },
      "visId": "summary"
    },
    "model0000016646566825_00000003": {
      "id": "model0000016646566825_00000003",
      "data": {
        "dataViews": [
          {
            "modelRef": "model0000016645f984ae_00000000",
            "dataItems": [
              {
                "id": "model0000016646566825_00000000",
                "itemId": "MERGED_DEMOGRAPHICS_TRADING_CUSTOMER.TOTALUNITSTRADED",
                "itemLabel": "TOTALUNITSTRADED"
              }
            ],
            "id": "model0000016646566825_00000001"
          }
        ]
      },
      "slotmapping": {
        "slots": [
          {
            "name": "values",
            "dataItems": [
              "model0000016646566825_00000000"
            ],
            "dataItemSettings": [],
            "caption": "Value",
            "id": "values",
            "layerId": "data"
          }
        ]
      },
      "type": "live",
      "name": {
        "translationTable": {}
      },
      "visId": "summary"
    },
    "model0000016646576312_00000004": {
      "id": "model0000016646576312_00000004",
      "data": {
        "dataViews": [
          {
            "modelRef": "model0000016645f984ae_00000000",
            "dataItems": [
              {
                "id": "model0000016646576312_00000000",
                "itemId": "MERGED_DEMOGRAPHICS_TRADING_CUSTOMER.TOTALUNITSTRADED",
                "itemLabel": "TOTALUNITSTRADED"
              },
              {
                "id": "model0000016646576312_00000001",
                "itemId": "MERGED_DEMOGRAPHICS_TRADING_CUSTOMER.DAYSSINCELASTTRADE",
                "itemLabel": "DAYSSINCELASTTRADE"
              }
            ],
            "id": "model0000016646576312_00000002"
          }
        ]
      },
      "visTypeLocked": true,
      "slotmapping": {
        "slots": [
          {
            "name": "categories",
            "dataItems": [
              "model0000016646576312_00000001"
            ],
            "dataItemSettings": [],
            "caption": "Bars",
            "id": "categories",
            "layerId": "data"
          },
          {
            "name": "values",
            "dataItems": [
              "model0000016646576312_00000000"
            ],
            "caption": "Length",
            "id": "values",
            "layerId": "data"
          }
        ]
      },
      "type": "live",
      "name": {
        "translationTable": {}
      },
      "visId": "com.ibm.vis.rave2bundlecolumn"
    },
    "model0000016646588a4e_00000001": {
      "id": "model0000016646588a4e_00000001",
      "data": {
        "dataViews": [
          {
            "modelRef": "model0000016645f984ae_00000000",
            "dataItems": [
              {
                "id": "model0000016646588a4d_00000000",
                "itemId": "MERGED_DEMOGRAPHICS_TRADING_CUSTOMER.TOTALDOLLARVALUETRADED",
                "itemLabel": "TOTALDOLLARVALUETRADED"
              },
              {
                "id": "model0000016646588a4d_00000001",
                "itemId": "MERGED_DEMOGRAPHICS_TRADING_CUSTOMER.DAYSSINCELASTLOGIN",
                "itemLabel": "DAYSSINCELASTLOGIN"
              }
            ],
            "id": "model0000016646588a4d_00000002"
          }
        ]
      },
      "visTypeLocked": true,
      "slotmapping": {
        "slots": [
          {
            "name": "categories",
            "dataItems": [
              "model0000016646588a4d_00000001"
            ],
            "dataItemSettings": [],
            "caption": "Bars",
            "id": "categories",
            "layerId": "data"
          },
          {
            "name": "values",
            "dataItems": [
              "model0000016646588a4d_00000000"
            ],
            "caption": "Length",
            "id": "values",
            "layerId": "data"
          }
        ]
      },
      "type": "live",
      "name": {
        "translationTable": {}
      },
      "visId": "com.ibm.vis.rave2bundlecolumn"
    }
  }
}
